<?xml version="1.0" encoding="UTF-8"?>
<window type="dialog" id="1102">
    <defaultcontrol always="true">3000</defaultcontrol>
    <controls>
        <include>CommonBackground2</include>
        <control type="group">
            <include>BehindDialogFadeOut</include>
        </control>
        <control type="group">
            <left>278</left>
            <top>60</top>
            <control type="image">
                <left>0</left>
                <top>90</top>
                <width>1320</width>
                <height>840</height>
                <texture border="22,0,0,0" flipx="true">black-back.png</texture>
            </control>
            <control type="textbox" id="2000">
                <left>45</left>
                <top>114</top>
                <width>1254</width>
                <height>786</height>
                <pagecontrol>3000</pagecontrol>
                <font>font30</font>
                <label>$INFO[Window(home).Property(TextViewer_Text_Pre,,[CR]]$INFO[Window(home).Property(TextViewer_Text)]</label>
            </control>
            <control type="scrollbar" id="3000">
                <left>1320</left>
                <top>114</top>
                <width>30</width>
                <height>795</height>
                <texturesliderbackground border="15">scrollbars/scrollbaruni-bg.png</texturesliderbackground>
                <texturesliderbar border="15">scrollbars/scrollbaruni-bar.png</texturesliderbar>
                <texturesliderbarfocus colordiffuse="$VAR[ColorHighlightVar]" border="15">scrollbars/scrollbaruni-bar-focus.png</texturesliderbarfocus>
                <textureslidernib>scrollbars/scrollbaruni-nib.png</textureslidernib>
                <textureslidernibfocus>scrollbars/scrollbaruni-nib.png</textureslidernibfocus>
                <onleft>3000</onleft>
                <onup>5234</onup>
                <onright>3000</onright>
                <showonepage>false</showonepage>
                <orientation>vertical</orientation>
            </control>
        </control>
    </controls>
</window>
