<?xml version="1.0" encoding="UTF-8"?>
<window type="dialog">
    <defaultcontrol always="true">450</defaultcontrol>
    <include>dialogeffect</include>
    <coordinates>
        <left>0</left>
        <top>0</top>
    </coordinates>
    <controls>
        <include>BehindDialogFadeOut</include>
        <include>Animation.Common</include>
        <control type="group">
            <left>0</left>
            <depth>DepthDialog+</depth>
            <control type="image">
                <left>0</left>
                <top>0</top>
                <width>1920</width>
                <height>1080</height>
                <texture border="4,0,4,0">black-back.png</texture>
            </control>
            <control type="button">
                <description>Close Window button</description>
                <left>1275</left>
                <top>15</top>
                <width>96</width>
                <height>48</height>
                <label></label>
                <font></font>
                <onclick>PreviousMenu</onclick>
                <texturefocus>DialogCloseButton-focus.png</texturefocus>
                <texturenofocus>DialogCloseButton.png</texturenofocus>
                <onleft>450</onleft>
                <onright>450</onright>
                <onup>450</onup>
                <ondown>450</ondown>
                <visible>System.GetBool(input.enablemouse)</visible>
            </control>
            <control type="label">
                <left>465</left>
                <top>68</top>
                <width>900</width>
                <height>45</height>
                <font>font35_title</font>
                <textcolor>grey</textcolor>
                <selectedcolor>selected</selectedcolor>
                <align>center</align>
                <aligny>center</aligny>
                <label>$LOCALIZE[1036]</label>
            </control>
            <control type="panel" id="450">
                <left>105</left>
                <top>172</top>
                <width>1620</width>
                <height>837</height>
                <onleft>450</onleft>
                <onup>450</onup>
                <onright>4501</onright>
                <ondown>450</ondown>
                <pagecontrol>4501</pagecontrol>
                <scrolltime>200</scrolltime>
                <itemlayout height="418" width="324">
                    <control type="image">
                        <left>1</left>
                        <top>0</top>
                        <width>321</width>
                        <height>360</height>
                        <bordertexture border="8">button-nofocus.png</bordertexture>
                        <bordersize>8</bordersize>
                        <texture background="true">$VAR[PosterThumb]</texture>
                        <aspectratio>keep</aspectratio>
                    </control>
                    <control type="label">
                        <left>12</left>
                        <top>360</top>
                        <width>300</width>
                        <height>38</height>
                        <font>font12</font>
                        <textcolor>grey2</textcolor>
                        <shadowcolor>black</shadowcolor>
                        <selectedcolor>selected</selectedcolor>
                        <align>center</align>
                        <aligny>center</aligny>
                        <info>ListItem.Label</info>
                    </control>
                    <control type="image">
                        <left>255</left>
                        <top>315</top>
                        <width>45</width>
                        <height>45</height>
                        <aspectratio>keep</aspectratio>
                        <texture>$INFO[ListItem.Overlay]</texture>
                    </control>
                </itemlayout>
                <focusedlayout height="414" width="324">
                    <control type="image">
                        <left>1</left>
                        <top>0</top>
                        <width>321</width>
                        <height>360</height>
                        <bordertexture colordiffuse="$VAR[ColorHighlightVar]">folder-focus.png</bordertexture>
                        <bordersize>8</bordersize>
                        <texture background="true">$VAR[PosterThumb]</texture>
                        <aspectratio>keep</aspectratio>
                    </control>
                    <control type="label">
                        <left>12</left>
                        <top>360</top>
                        <width>300</width>
                        <height>38</height>
                        <font>font12</font>
                        <textcolor>white</textcolor>
                        <shadowcolor>black</shadowcolor>
                        <selectedcolor>selected</selectedcolor>
                        <align>center</align>
                        <aligny>center</aligny>
                        <info>ListItem.Label</info>
                    </control>
                    <control type="image">
                        <left>255</left>
                        <top>315</top>
                        <width>45</width>
                        <height>45</height>
                        <aspectratio>keep</aspectratio>
                        <texture>$INFO[ListItem.Overlay]</texture>
                    </control>
                </focusedlayout>
            </control>
            <control type="scrollbar" id="4501">
                <left>1740</left>
                <top>162</top>
                <width>30</width>
                <height>810</height>
                <onleft>450</onleft>
                <onright>450</onright>
                <texturesliderbackground border="15">scrollbars/scrollbaruni-bg.png</texturesliderbackground>
                <texturesliderbar border="15">scrollbars/scrollbaruni-bar.png</texturesliderbar>
                <texturesliderbarfocus colordiffuse="$VAR[ColorHighlightVar]" border="15">scrollbars/scrollbaruni-bar-focus.png</texturesliderbarfocus>
                <textureslidernib>scrollbars/scrollbaruni-nib.png</textureslidernib>
                <textureslidernibfocus>scrollbars/scrollbaruni-nib.png</textureslidernibfocus>
                <showonepage>false</showonepage>
                <orientation>vertical</orientation>
                <visible>Control.IsVisible(450)</visible>
            </control>
        </control>
    </controls>
</window>
