<?xml version="1.0" encoding="UTF-8"?>
<fonts>
    <fontset id="Default" idloc="31390">
        <!-- Normal Fonts -->
        <font>
            <name>font10</name>
            <filename>Raleway-Regular.ttf</filename>
            <size>21</size>
        </font>
        <font>
            <name>font12</name>
            <filename>Raleway-Regular.ttf</filename>
            <size>26</size>
        </font>
        <font>
            <name>font13</name>
            <filename>Raleway-Regular.ttf</filename>
            <size>30</size>
        </font>
        <font>
            <name>font14</name>
            <filename>Raleway-Regular.ttf</filename>
            <size>33</size>
        </font>
        <font>
            <name>font16</name>
            <filename>Raleway-Regular.ttf</filename>
            <size>38</size>
        </font>
        <font>
            <name>font30</name>
            <filename>Raleway-Regular.ttf</filename>
            <size>45</size>
        </font>
        <font>
            <name>fontContextMenu</name>
            <filename>Raleway-Regular.ttf</filename>
            <size>27</size>
        </font>
        <!-- Title Fonts -->
        <font>
            <name>font10_title</name>
            <filename>Raleway-Bold.ttf</filename>
            <size>18</size>
        </font>
        <font>
            <name>font12_title</name>
            <filename>Raleway-Bold.ttf</filename>
            <size>26</size>
        </font>
        <font>
            <name>font13_title</name>
            <filename>Raleway-Bold.ttf</filename>
            <size>30</size>
        </font>
        <font>
            <name>font24_title</name>
            <filename>Raleway-Bold.ttf</filename>
            <size>36</size>
        </font>
        <font>
            <name>font28_title</name>
            <filename>Raleway-Bold.ttf</filename>
            <size>42</size>
        </font>
        <font>
            <name>font30_title</name>
            <filename>Raleway-Bold.ttf</filename>
            <size>45</size>
        </font>
        <font>
            <name>font35_title</name>
            <filename>Raleway-Bold.ttf</filename>
            <size>52</size>
        </font>
        <font>
            <name>font_MainMenu</name>
            <filename>Raleway-Bold.ttf</filename>
            <size>60</size>
        </font>
        <font>
            <name>font_MainMenu2</name>
            <filename>Raleway-Bold.ttf</filename>
            <size>72</size>
        </font>
        <font>
            <name>font_MainMenu3</name>
            <filename>Raleway-Bold.ttf</filename>
            <size>90</size>
        </font>
        <font>
            <name>WeatherTemp</name>
            <filename>Raleway-Bold.ttf</filename>
            <size>120</size>
        </font>
    </fontset>
    <fontset id="Ariel">
        <!-- Arial Font better for non English -->
        <font>
            <name>font10</name>
            <filename>arial.ttf</filename>
            <size>18</size>
        </font>
        <font>
            <name>font12</name>
            <filename>arial.ttf</filename>
            <size>22</size>
        </font>
        <font>
            <name>font13</name>
            <filename>arial.ttf</filename>
            <size>27</size>
        </font>
        <font>
            <name>font14</name>
            <filename>arial.ttf</filename>
            <size>30</size>
        </font>
        <font>
            <name>font16</name>
            <filename>arial.ttf</filename>
            <size>34</size>
        </font>
        <font>
            <name>font30</name>
            <filename>arial.ttf</filename>
            <size>42</size>
        </font>
        <font>
            <name>fontContextMenu</name>
            <filename>arial.ttf</filename>
            <size>24</size>
        </font>
        <!-- Title Fonts -->
        <font>
            <name>font10_title</name>
            <filename>arial.ttf</filename>
            <size>15</size>
            <style>bold</style>
        </font>
        <font>
            <name>font12_title</name>
            <filename>arial.ttf</filename>
            <size>22</size>
            <style>bold</style>
        </font>
        <font>
            <name>font13_title</name>
            <filename>arial.ttf</filename>
            <size>27</size>
            <style>bold</style>
        </font>
        <font>
            <name>font24_title</name>
            <filename>arial.ttf</filename>
            <size>33</size>
            <style>bold</style>
        </font>
        <font>
            <name>font28_title</name>
            <filename>arial.ttf</filename>
            <size>39</size>
            <style>bold</style>
        </font>
        <font>
            <name>font30_title</name>
            <filename>arial.ttf</filename>
            <size>42</size>
            <style>bold</style>
        </font>
        <font>
            <name>font35_title</name>
            <filename>arial.ttf</filename>
            <size>50</size>
            <style>bold</style>
        </font>
        <font>
            <name>font_MainMenu</name>
            <filename>arial.ttf</filename>
            <size>52</size>
            <style>bold</style>
        </font>
        <font>
            <name>font_MainMenu2</name>
            <filename>arial.ttf</filename>
            <size>72</size>
        </font>
        <font>
            <name>font_MainMenu3</name>
            <filename>arial.ttf</filename>
            <size>90</size>
        </font>
        <font>
            <name>WeatherTemp</name>
            <filename>arial.ttf</filename>
            <size>120</size>
            <style>bold</style>
        </font>
    </fontset>
    <fontset id="Roboto">
        <!-- Normal Fonts -->
        <font>
            <name>font10</name>
            <filename>Roboto-Regular.ttf</filename>
            <size>21</size>
        </font>
        <font>
            <name>font12</name>
            <filename>Roboto-Regular.ttf</filename>
            <size>26</size>
        </font>
        <font>
            <name>font13</name>
            <filename>Roboto-Regular.ttf</filename>
            <size>30</size>
        </font>
        <font>
            <name>font14</name>
            <filename>Roboto-Regular.ttf</filename>
            <size>33</size>
        </font>
        <font>
            <name>font16</name>
            <filename>Roboto-Regular.ttf</filename>
            <size>38</size>
        </font>
        <font>
            <name>font30</name>
            <filename>Roboto-Regular.ttf</filename>
            <size>45</size>
        </font>
        <font>
            <name>fontContextMenu</name>
            <filename>Roboto-Regular.ttf</filename>
            <size>27</size>
        </font>
        <!-- Title Fonts -->
        <font>
            <name>font10_title</name>
            <filename>Roboto-Bold.ttf</filename>
            <size>18</size>
        </font>
        <font>
            <name>font12_title</name>
            <filename>Roboto-Bold.ttf</filename>
            <size>26</size>
        </font>
        <font>
            <name>font13_title</name>
            <filename>Roboto-Bold.ttf</filename>
            <size>30</size>
        </font>
        <font>
            <name>font24_title</name>
            <filename>Roboto-Bold.ttf</filename>
            <size>36</size>
        </font>
        <font>
            <name>font28_title</name>
            <filename>Roboto-Bold.ttf</filename>
            <size>42</size>
        </font>
        <font>
            <name>font30_title</name>
            <filename>Roboto-Bold.ttf</filename>
            <size>45</size>
        </font>
        <font>
            <name>font35_title</name>
            <filename>Roboto-Bold.ttf</filename>
            <size>52</size>
        </font>
        <font>
            <name>font_MainMenu</name>
            <filename>Roboto-Bold.ttf</filename>
            <size>60</size>
        </font>
        <font>
            <name>font_MainMenu2</name>
            <filename>Roboto-Bold.ttf</filename>
            <size>72</size>
        </font>
        <font>
            <name>font_MainMenu3</name>
            <filename>Roboto-Bold.ttf</filename>
            <size>90</size>
        </font>
        <font>
            <name>WeatherTemp</name>
            <filename>Roboto-Bold.ttf</filename>
            <size>120</size>
        </font>
    </fontset>
</fonts>
