<?xml version="1.0" encoding="UTF-8"?>
<includes>
    <!-- Media Widgets -->
    <include name="MediaWidgetContent">
        <left>$PARAM[left]</left>
        <top>$PARAM[top]</top>
        <width>$PARAM[width]</width>
        <height>$PARAM[height]</height>
        <onclick condition="String.StartsWith(Container(9000).ListItem.Property(widgetPath),favourites)">$INFO[ListItem.FileNameAndPath]</onclick>
        <include condition="Skin.HasSetting(EnableWidgetResetPosition)" content="WidgetPositionReset">
            <param name="widgetid">$PARAM[id]</param>
            <param name="onup">$PARAM[onup]</param>
            <param name="ondown">$PARAM[ondown]</param>
            <param name="onleft">$PARAM[onleft]</param>
            <param name="onback">9000</param>
        </include>
        <onleft condition="!Skin.HasSetting(EnableWidgetResetPosition)">$PARAM[onleft]</onleft>
        <onright>$PARAM[onright]</onright>
        <onup condition="!Skin.HasSetting(EnableWidgetResetPosition)">$PARAM[onup]</onup>
        <ondown condition="!Skin.HasSetting(EnableWidgetResetPosition)">$PARAM[ondown]</ondown>
        <onback condition="!Skin.HasSetting(EnableWidgetResetPosition)">9000</onback>
        <viewtype label="535">list</viewtype>
        <pagecontrol></pagecontrol>
        <scrolltime>200</scrolltime>
        <orientation>$PARAM[orientation]</orientation>
        <!-- Poster -->
        <itemlayout height="330" width="250" condition="!String.IsEqual($PARAM[aspect],Enable)">
            <control type="image">
                <description>background</description>
                <left>0</left>
                <top>0</top>
                <width>250</width>
                <height>330</height>
                <texture>RecentAddedBack.png</texture>
            </control>
            <control type="image">
                <left>8</left>
                <top>8</top>
                <width>234</width>
                <height>314</height>
                <texture background="true">$VAR[HomeWidgetPosterVar]</texture>
                <aspectratio>keep</aspectratio>
            </control>
            <control type="image">
                <left>200</left>
                <top>255</top>
                <width>45</width>
                <height>45</height>
                <aspectratio>keep</aspectratio>
                <texture>$INFO[ListItem.Overlay]</texture>
                <visible>!Skin.HasSetting(DisableWatchedCheck) + !IsEmpty(ListItem.Overlay)</visible>
            </control>
            <control type="image">
                <left>200</left>
                <top>255</top>
                <width>45</width>
                <height>45</height>
                <aspectratio>keep</aspectratio>
                <texture>OverlayWatching.png</texture>
                <visible>!Skin.HasSetting(DisableWatchedCheck) + !IsEmpty(ListItem.Overlay) + ListItem.IsResumable</visible>
            </control>
        </itemlayout>
        <focusedlayout height="330" width="250" condition="!String.IsEqual($PARAM[aspect],Enable)">
            <control type="image">
                <description>background</description>
                <left>0</left>
                <top>0</top>
                <width>250</width>
                <height>330</height>
                <texture border="8">RecentAddedBack.png</texture>
            </control>
            <control type="group">
                <top>1</top>
                <left>1</left>
                <include content="SelectedSolidVar" condition="!Skin.HasSetting(UseOutlineWidget)">
                    <param name="width">250</param>
                    <param name="height">330</param>
                </include>
                <include content="SelectedOutlineVar" condition="Skin.HasSetting(UseOutlineWidget)">
                    <param name="width">250</param>
                    <param name="height">330</param>
                </include>
            </control>
            <control type="image">
                <left>8</left>
                <top>8</top>
                <width>234</width>
                <height>314</height>
                <texture background="true">$VAR[HomeWidgetPosterVar]</texture>
                <aspectratio>keep</aspectratio>
            </control>
            <control type="image">
                <left>200</left>
                <top>255</top>
                <width>45</width>
                <height>45</height>
                <aspectratio>keep</aspectratio>
                <texture>$INFO[ListItem.Overlay]</texture>
                <visible>!Skin.HasSetting(DisableWatchedCheck) + !IsEmpty(ListItem.Overlay)</visible>
            </control>
            <control type="image">
                <left>200</left>
                <top>255</top>
                <width>45</width>
                <height>45</height>
                <aspectratio>keep</aspectratio>
                <texture>OverlayWatching.png</texture>
                <visible>!Skin.HasSetting(DisableWatchedCheck) + !IsEmpty(ListItem.Overlay) + ListItem.IsResumable</visible>
            </control>
        </focusedlayout>
        <!-- Wide -->
        <itemlayout height="330" width="540" condition="String.IsEqual($PARAM[aspect],Enable)">
            <control type="image">
                <description>background</description>
                <left>0</left>
                <top>0</top>
                <width>540</width>
                <height>330</height>
                <texture>RecentAddedBack.png</texture>
            </control>
            <control type="image">
                <left>8</left>
                <top>8</top>
                <width>262</width>
                <height>314</height>
                <texture background="true">$VAR[HomeWidgetThumbVar]</texture>
                <aspectratio>scale</aspectratio>
            </control>
            <control type="image">
                <left>230</left>
                <top>280</top>
                <width>45</width>
                <height>45</height>
                <aspectratio>keep</aspectratio>
                <texture>$INFO[ListItem.Overlay]</texture>
                <visible>!Skin.HasSetting(DisableWatchedCheck) + !IsEmpty(ListItem.Overlay)</visible>
            </control>
            <control type="image">
                <left>230</left>
                <top>280</top>
                <width>45</width>
                <height>45</height>
                <aspectratio>keep</aspectratio>
                <texture>OverlayWatching.png</texture>
                <visible>!Skin.HasSetting(DisableWatchedCheck) + !IsEmpty(ListItem.Overlay) + ListItem.IsResumable</visible>
            </control>
            <control type="textbox">
                <left>278</left>
                <top>8</top>
                <width>250</width>
                <height>314</height>
                <textcolor>grey2</textcolor>
                <font>font12</font>
                <align>center</align>
                <aligny>top</aligny>
                <label>$VAR[WidgetDescriptionVar]</label>
            </control>
        </itemlayout>
        <focusedlayout height="330" width="540" condition="String.IsEqual($PARAM[aspect],Enable)">
            <control type="image">
                <description>background</description>
                <left>0</left>
                <top>0</top>
                <width>540</width>
                <height>330</height>
                <texture>RecentAddedBack.png</texture>
            </control>
            <control type="group">
                <left>1</left>
                <top>1</top>
                <include content="SelectedSolidVar" condition="!Skin.HasSetting(UseOutlineWidget)">
                    <param name="width">538</param>
                    <param name="height">328</param>
                </include>
                <include content="SelectedOutlineVar" condition="Skin.HasSetting(UseOutlineWidget)">
                    <param name="width">538</param>
                    <param name="height">328</param>
                </include>
            </control>
            <control type="image">
                <left>8</left>
                <top>8</top>
                <width>262</width>
                <height>314</height>
                <texture background="true">$VAR[HomeWidgetThumbVar]</texture>
                <aspectratio>scale</aspectratio>
            </control>
            <control type="image">
                <left>230</left>
                <top>280</top>
                <width>45</width>
                <height>45</height>
                <aspectratio>keep</aspectratio>
                <texture>$INFO[ListItem.Overlay]</texture>
                <visible>!Skin.HasSetting(DisableWatchedCheck) + !IsEmpty(ListItem.Overlay)</visible>
            </control>
            <control type="image">
                <left>230</left>
                <top>280</top>
                <width>45</width>
                <height>45</height>
                <aspectratio>keep</aspectratio>
                <texture>OverlayWatching.png</texture>
                <visible>!Skin.HasSetting(DisableWatchedCheck) + !IsEmpty(ListItem.Overlay) + ListItem.IsResumable</visible>
            </control>
            <control type="textbox">
                <left>278</left>
                <top>8</top>
                <width>250</width>
                <height>314</height>
                <textcolor>white</textcolor>
                <font>font12</font>
                <align>center</align>
                <aligny>top</aligny>
                <label>$VAR[WidgetDescriptionVar]</label>
                <autoscroll time="1600" delay="5000" repeat="5000">Skin.HasSetting(AutoScroll)</autoscroll>
            </control>
        </focusedlayout>
    </include>
    <!--Weather Widget Content -->
    <include name="WeatherWidgetContent">
        <left>$PARAM[left]</left>
        <top>$PARAM[top]</top>
        <width>$PARAM[width]</width>
        <height>$PARAM[height]</height>
        <include condition="Skin.HasSetting(EnableWidgetResetPosition)" content="WidgetPositionReset">
            <param name="widgetid">$PARAM[id]</param>
            <param name="onup">$PARAM[onup]</param>
            <param name="ondown">$PARAM[ondown]</param>
            <param name="onleft">$PARAM[onleft]</param>
            <param name="onback">9000</param>
        </include>
        <onleft condition="!Skin.HasSetting(EnableWidgetResetPosition)">$PARAM[onleft]</onleft>
        <onright>$PARAM[onright]</onright>
        <onup condition="!Skin.HasSetting(EnableWidgetResetPosition)">$PARAM[onup]</onup>
        <ondown condition="!Skin.HasSetting(EnableWidgetResetPosition)">$PARAM[ondown]</ondown>
        <onback condition="!Skin.HasSetting(EnableWidgetResetPosition)">9000</onback>
        <onclick>ActivateWindow(weather)</onclick>
        <viewtype label="21371">list</viewtype>
        <pagecontrol></pagecontrol>
        <scrolltime>200</scrolltime>
        <orientation>$PARAM[orientation]</orientation>
        <itemlayout height="330" width="270">
            <control type="image">
                <description>background</description>
                <left>0</left>
                <top>0</top>
                <width>270</width>
                <height>330</height>
                <texture border="8">RecentAddedBack.png</texture>
            </control>
            <control type="image">
                <left>45</left>
                <top>45</top>
                <width>180</width>
                <height>195</height>
                <texture background="true">$INFO[ListItem.Icon]</texture>
                <aspectratio>keep</aspectratio>
                <bordertexture border="8">button-nofocus.png</bordertexture>
                <bordersize>8</bordersize>
            </control>
            <control type="label">
                <left>22</left>
                <top>15</top>
                <width>225</width>
                <height>30</height>
                <font>font13</font>
                <textcolor>grey2</textcolor>
                <shadowcolor>black</shadowcolor>
                <selectedcolor>selected</selectedcolor>
                <align>center</align>
                <aligny>center</aligny>
                <label>$INFO[ListItem.Label]</label>
            </control>
            <control type="label">
                <left>22</left>
                <top>240</top>
                <width>225</width>
                <height>30</height>
                <font>font12</font>
                <textcolor>grey2</textcolor>
                <shadowcolor>black</shadowcolor>
                <selectedcolor>selected</selectedcolor>
                <align>center</align>
                <aligny>center</aligny>
                <label>$INFO[ListItem.Property(HighTemp),[COLOR grey2],[/COLOR]]$INFO[ListItem.Property(LowTemp), | [COLOR grey2],[/COLOR]]</label>
            </control>
            <control type="label">
                <left>22</left>
                <top>270</top>
                <width>225</width>
                <height>30</height>
                <font>font12</font>
                <textcolor>grey2</textcolor>
                <shadowcolor>black</shadowcolor>
                <selectedcolor>selected</selectedcolor>
                <align>center</align>
                <aligny>center</aligny>
                <label>$INFO[ListItem.Label2]</label>
            </control>
        </itemlayout>
        <focusedlayout height="330" width="270">
            <control type="image">
                <description>background</description>
                <left>0</left>
                <top>0</top>
                <width>270</width>
                <height>330</height>
                <texture border="8">RecentAddedBack.png</texture>
            </control>
            <control type="group">
                <top>1</top>
                <left>1</left>
                <include content="SelectedSolidVar" condition="!Skin.HasSetting(UseOutlineWidget)">
                    <param name="width">268</param>
                    <param name="height">328</param>
                </include>
                <include content="SelectedOutlineVar" condition="Skin.HasSetting(UseOutlineWidget)">
                    <param name="width">268</param>
                    <param name="height">328</param>
                </include>
            </control>
            <control type="image">
                <left>45</left>
                <top>45</top>
                <width>180</width>
                <height>195</height>
                <texture background="true">$INFO[ListItem.Icon]</texture>
                <aspectratio>keep</aspectratio>
                <bordersize>8</bordersize>
            </control>
            <control type="label">
                <left>22</left>
                <top>15</top>
                <width>225</width>
                <height>30</height>
                <font>font13</font>
                <textcolor>white</textcolor>
                <shadowcolor>black</shadowcolor>
                <selectedcolor>selected</selectedcolor>
                <align>center</align>
                <aligny>center</aligny>
                <label>$INFO[ListItem.Label]</label>
            </control>
            <control type="label">
                <left>22</left>
                <top>240</top>
                <width>225</width>
                <height>30</height>
                <font>font12</font>
                <textcolor>white</textcolor>
                <shadowcolor>black</shadowcolor>
                <selectedcolor>selected</selectedcolor>
                <align>center</align>
                <aligny>center</aligny>
                <label>$INFO[ListItem.Property(HighTemp),[COLOR white],[/COLOR]]$INFO[ListItem.Property(LowTemp), | [COLOR white],[/COLOR]]</label>
            </control>
            <control type="label">
                <left>22</left>
                <top>270</top>
                <width>225</width>
                <height>30</height>
                <font>font12</font>
                <textcolor>white</textcolor>
                <shadowcolor>black</shadowcolor>
                <selectedcolor>selected</selectedcolor>
                <align>center</align>
                <aligny>center</aligny>
                <label>$INFO[ListItem.Label2]</label>
            </control>
        </focusedlayout>
        <content>
            <item>
                <label>$LOCALIZE[33006]</label>
                <label2>$INFO[Window(weather).Property(Day0.Outlook)]</label2>
                <icon>$VAR[WeatherIconVar]$INFO[Window(weather).Property(Day0.FanartCode),,.png]</icon>
                <property name="HighTemp">$INFO[Window(weather).Property(Day0.HighTemp)]$INFO[System.TemperatureUnits]</property>
                <property name="LowTemp">$INFO[Window(weather).Property(Day0.LowTemp)]$INFO[System.TemperatureUnits]</property>
                <onclick>noop</onclick>
            </item>
            <item>
                <label>$LOCALIZE[33007]</label>
                <label2>$INFO[Window(weather).Property(Day1.Outlook)]</label2>
                <icon>$VAR[WeatherIconVar]$INFO[Window(weather).Property(Day1.FanartCode),,.png]</icon>
                <property name="HighTemp">$INFO[Window(weather).Property(Day1.HighTemp)]$INFO[System.TemperatureUnits]</property>
                <property name="LowTemp">$INFO[Window(weather).Property(Day1.LowTemp)]$INFO[System.TemperatureUnits]</property>
                <onclick>noop</onclick>
            </item>
            <item>
                <label>$INFO[Window(weather).Property(Day2.Title)]</label>
                <label2>$INFO[Window(weather).Property(Day2.Outlook)]</label2>
                <icon>$VAR[WeatherIconVar]$INFO[Window(weather).Property(Day2.FanartCode),,.png]</icon>
                <property name="HighTemp">$INFO[Window(weather).Property(Day2.HighTemp)]$INFO[System.TemperatureUnits]</property>
                <property name="LowTemp">$INFO[Window(weather).Property(Day2.LowTemp)]$INFO[System.TemperatureUnits]</property>
                <onclick>noop</onclick>
            </item>
            <item>
                <label>$INFO[Window(weather).Property(Day3.Title)]</label>
                <label2>$INFO[Window(weather).Property(Day3.Outlook)]</label2>
                <icon>$VAR[WeatherIconVar]$INFO[Window(weather).Property(Day3.FanartCode),,.png]</icon>
                <property name="HighTemp">$INFO[Window(weather).Property(Day3.HighTemp)]$INFO[System.TemperatureUnits]</property>
                <property name="LowTemp">$INFO[Window(weather).Property(Day3.LowTemp)]$INFO[System.TemperatureUnits]</property>
                <onclick>noop</onclick>
            </item>
            <item>
                <label>$INFO[Window(weather).Property(Day4.Title)]</label>
                <label2>$INFO[Window(weather).Property(Day4.Outlook)]</label2>
                <icon>$VAR[WeatherIconVar]$INFO[Window(weather).Property(Day4.FanartCode),,.png]</icon>
                <property name="HighTemp">$INFO[Window(weather).Property(Day4.HighTemp)]$INFO[System.TemperatureUnits]</property>
                <property name="LowTemp">$INFO[Window(weather).Property(Day4.LowTemp)]$INFO[System.TemperatureUnits]</property>
                <onclick>noop</onclick>
            </item>
            <item>
                <visible>!String.IsEmpty(Window(weather).Property(Day5.FanartCode))</visible>
                <label>$INFO[Window(weather).Property(Day5.Title)]</label>
                <label2>$INFO[Window(weather).Property(Day5.Outlook)]</label2>
                <icon>$VAR[WeatherIconVar]$INFO[Window(weather).Property(Day5.FanartCode),,.png]</icon>
                <property name="HighTemp">$INFO[Window(weather).Property(Day5.HighTemp)]$INFO[System.TemperatureUnits]</property>
                <property name="LowTemp">$INFO[Window(weather).Property(Day5.LowTemp)]$INFO[System.TemperatureUnits]</property>
                <onclick>noop</onclick>
            </item>
            <item>
                <visible>!String.IsEmpty(Window(weather).Property(Day6.FanartCode))</visible>
                <label>$INFO[Window(weather).Property(Day6.Title)]</label>
                <label2>$INFO[Window(weather).Property(Day6.Outlook)]</label2>
                <icon>$VAR[WeatherIconVar]$INFO[Window(weather).Property(Day6.FanartCode),,.png]</icon>
                <property name="HighTemp">$INFO[Window(weather).Property(Day6.HighTemp)]$INFO[System.TemperatureUnits]</property>
                <property name="LowTemp">$INFO[Window(weather).Property(Day6.LowTemp)]$INFO[System.TemperatureUnits]</property>
                <onclick>noop</onclick>
            </item>
            <item>
                <visible>!String.IsEmpty(Window(weather).Property(Day7.FanartCode))</visible>
                <label>$INFO[Window(weather).Property(Day7.Title)]</label>
                <label2>$INFO[Window(weather).Property(Day7.Outlook)]</label2>
                <icon>$VAR[WeatherIconVar]$INFO[Window(weather).Property(Day7.FanartCode),,.png]</icon>
                <property name="HighTemp">$INFO[Window(weather).Property(Day7.HighTemp)]$INFO[System.TemperatureUnits]</property>
                <property name="LowTemp">$INFO[Window(weather).Property(Day7.LowTemp)]$INFO[System.TemperatureUnits]</property>
                <onclick>noop</onclick>
            </item>
            <item>
                <visible>!String.IsEmpty(Window(weather).Property(Day8.FanartCode))</visible>
                <label>$INFO[Window(weather).Property(Day8.Title)]</label>
                <label2>$INFO[Window(weather).Property(Day8.Outlook)]</label2>
                <icon>$VAR[WeatherIconVar]$INFO[Window(weather).Property(Day8.FanartCode),,.png]</icon>
                <property name="HighTemp">$INFO[Window(weather).Property(Day8.HighTemp)]$INFO[System.TemperatureUnits]</property>
                <property name="LowTemp">$INFO[Window(weather).Property(Day8.LowTemp)]$INFO[System.TemperatureUnits]</property>
                <onclick>noop</onclick>
            </item>
            <item>
                <visible>!String.IsEmpty(Window(weather).Property(Day9.FanartCode))</visible>
                <label>$INFO[Window(weather).Property(Day9.Title)]</label>
                <label2>$INFO[Window(weather).Property(Day9.Outlook)]</label2>
                <icon>$VAR[WeatherIconVar]$INFO[Window(weather).Property(Day9.FanartCode),,.png]</icon>
                <property name="HighTemp">$INFO[Window(weather).Property(Day9.HighTemp)]$INFO[System.TemperatureUnits]</property>
                <property name="LowTemp">$INFO[Window(weather).Property(Day9.LowTemp)]$INFO[System.TemperatureUnits]</property>
                <onclick>noop</onclick>
            </item>
        </content>
    </include>
    <!--Settings Widget Content -->
    <include name="SettingsWidgetContent">
        <left>$PARAM[left]</left>
        <top>$PARAM[top]</top>
        <width>$PARAM[width]</width>
        <height>$PARAM[height]</height>
        <include condition="Skin.HasSetting(EnableWidgetResetPosition)" content="WidgetPositionReset">
            <param name="widgetid">$PARAM[id]</param>
            <param name="onup">$PARAM[onup]</param>
            <param name="ondown">$PARAM[ondown]</param>
            <param name="onleft">$PARAM[onleft]</param>
            <param name="onback">9000</param>
        </include>
        <onleft condition="!Skin.HasSetting(EnableWidgetResetPosition)">$PARAM[onleft]</onleft>
        <onright>$PARAM[onright]</onright>
        <onup condition="!Skin.HasSetting(EnableWidgetResetPosition)">$PARAM[onup]</onup>
        <ondown condition="!Skin.HasSetting(EnableWidgetResetPosition)">$PARAM[ondown]</ondown>
        <onback condition="!Skin.HasSetting(EnableWidgetResetPosition)">9000</onback>
        <viewtype label="21371">list</viewtype>
        <pagecontrol></pagecontrol>
        <scrolltime>200</scrolltime>
        <orientation>$PARAM[orientation]</orientation>
        <itemlayout height="330" width="270">
            <control type="image">
                <description>background</description>
                <left>0</left>
                <top>0</top>
                <width>270</width>
                <height>330</height>
                <texture border="8">RecentAddedBack.png</texture>
            </control>
            <control type="image">
                <left>45</left>
                <top>45</top>
                <width>195</width>
                <height>210</height>
                <texture background="true">$INFO[ListItem.Icon]</texture>
                <aspectratio>keep</aspectratio>
                <bordertexture border="8">button-nofocus.png</bordertexture>
                <bordersize>8</bordersize>
            </control>
            <control type="label">
                <left>22</left>
                <top>270</top>
                <width>225</width>
                <height>30</height>
                <font>font13</font>
                <textcolor>grey2</textcolor>
                <shadowcolor>black</shadowcolor>
                <selectedcolor>selected</selectedcolor>
                <align>center</align>
                <aligny>center</aligny>
                <label>$INFO[ListItem.Label]</label>
            </control>
        </itemlayout>
        <focusedlayout height="330" width="270">
            <control type="image">
                <description>background</description>
                <left>0</left>
                <top>0</top>
                <width>270</width>
                <height>330</height>
                <texture border="22">RecentAddedBack.png</texture>
            </control>
            <control type="group">
                <top>1</top>
                <left>1</left>
                <include content="SelectedSolidVar" condition="!Skin.HasSetting(UseOutlineWidget)">
                    <param name="width">268</param>
                    <param name="height">328</param>
                </include>
                <include content="SelectedOutlineVar" condition="Skin.HasSetting(UseOutlineWidget)">
                    <param name="width">268</param>
                    <param name="height">328</param>
                </include>
            </control>
            <control type="image">
                <left>45</left>
                <top>45</top>
                <width>195</width>
                <height>210</height>
                <texture background="true">$INFO[ListItem.Icon]</texture>
                <aspectratio>keep</aspectratio>
                <bordersize>8</bordersize>
            </control>
            <control type="label">
                <left>22</left>
                <top>270</top>
                <width>225</width>
                <height>30</height>
                <font>font13</font>
                <textcolor>white</textcolor>
                <shadowcolor>black</shadowcolor>
                <selectedcolor>selected</selectedcolor>
                <align>center</align>
                <aligny>center</aligny>
                <label>$INFO[ListItem.Label]</label>
            </control>
        </focusedlayout>
        <content>
            <item id="1">
                <label>File Manager</label>
                <label2>Browse • Move • Copy • Delete</label2>
                <icon>DefaultTVShows.png</icon>
                <onclick>ActivateWindow(FileManager)</onclick>
            </item>
            <item id="2">
                <label>$LOCALIZE[24001]</label>
                <label2>$LOCALIZE[24038] • $LOCALIZE[24020] • $LOCALIZE[24069]</label2>
                <icon>DefaultAddon.png</icon>
                <onclick>ActivateWindow(AddonBrowser)</onclick>
            </item>
            <item id="3">
                <label>$LOCALIZE[166]</label>
                <label2>$LOCALIZE[10000] • Colours • $LOCALIZE[33069]</label2>
                <icon>DefaultAddonSkin.png</icon>
                <onclick>ActivateWindow(skinsettings)</onclick>
            </item>
            <item id="4">
                <label>$LOCALIZE[14206]</label>
                <label2>$LOCALIZE[166] • $LOCALIZE[20026] • $LOCALIZE[24008] • $LOCALIZE[20304]</label2>
                <icon>DefaultAddonVisualization.png</icon>
                <onclick>ActivateWindow(InterfaceSettings)</onclick>
            </item>
            <item id="5">
                <label>LibreElec</label>
                <label2>Settings</label2>
                <icon>special://skin/extras/libreelecicon.png</icon>
                <onclick>RunScript("service.libreelec.settings")</onclick>
                <visible>System.hasAddon(service.libreelec.settings)</visible>
            </item>
            <item id="5">
                <label>$LOCALIZE[13200]</label>
                <label2>$LOCALIZE[20067] • $LOCALIZE[20096]</label2>
                <icon>defaultactor.png</icon>
                <onclick>ActivateWindow(Profiles)</onclick>
                <visible>!System.hasAddon(service.libreelec.settings)</visible>
            </item>
            <item id="6">
                <label>$LOCALIZE[19033]</label>
                <label2>$LOCALIZE[154] • $LOCALIZE[705] • $LOCALIZE[157] • $LOCALIZE[13281]</label2>
                <icon>defaulticoninfo.png</icon>
                <onclick>ActivateWindow(systeminfo)</onclick>
            </item>
            <item id="7">
                <label>Home Menu</label>
                <label2>Home Menu • Sub Menu • Widgets</label2>
                <icon>defaulticonhome.png</icon>
                <onclick>RunScript(script.skinshortcuts,type=manage&amp;nolabels=True&amp;group=mainmenu)</onclick>
            </item>
            <item id="8">
                <label>Shutdown</label>
                <label2>Exit • Power Off • Reboot • Shutdown Timer</label2>
                <icon>defaulticonpower.png</icon>
                <onclick>ActivateWindow(ShutdownMenu)</onclick>
            </item>
            <item id="9">
                <label>Favourites</label>
                <label2>Video • Audio • Add-ons • Files</label2>
                <icon>defaulticonfavourite.png</icon>
                <onclick>ActivateWindow(Favourites)</onclick>
            </item>
            <item id="10">
                <label>Search</label>
                <label2>Library • The Movie DB • Youtube</label2>
                <icon>defaulticonsearch.png</icon>
                <onclick>ActivateWindow(1107)</onclick>
            </item>
            <item id="11">
                <label>$LOCALIZE[13000]</label>
                <label2>$LOCALIZE[15088] • $LOCALIZE[14094] • $LOCALIZE[14095]</label2>
                <icon>DefaultProgram.png</icon>
                <onclick>ActivateWindow(SystemSettings)</onclick>
            </item>
            <item id="12">
                <label>$LOCALIZE[14200]</label>
                <label2>$LOCALIZE[14215] • $LOCALIZE[14216] • $LOCALIZE[14087] • $LOCALIZE[14217]</label2>
                <icon>DefaultIconPlay.png</icon>
                <onclick>ActivateWindow(PlayerSettings)</onclick>
            </item>
            <item id="13">
                <label>$LOCALIZE[14211]</label>
                <label2>$LOCALIZE[14022] • $LOCALIZE[14215] • $LOCALIZE[14216] • $LOCALIZE[14217]</label2>
                <icon>DefaultSets.png</icon>
                <onclick>ActivateWindow(MediaSettings)</onclick>
            </item>
            <item id="14">
                <label>$LOCALIZE[705]</label>
                <label2>$LOCALIZE[20187] • $LOCALIZE[33101] • $LOCALIZE[1259]</label2>
                <icon>DefaultAddonService.png</icon>
                <onclick>ActivateWindow(ServiceSettings)</onclick>
            </item>
            <item id="15">
                <label>$LOCALIZE[19020]</label>
                <label2>$LOCALIZE[19019] • $LOCALIZE[19069] • $LOCALIZE[14086] • $LOCALIZE[19043]</label2>
                <icon>DefaultTVShows.png</icon>
                <onclick>ActivateWindow(pvrsettings)</onclick>
            </item>
        </content>
    </include>
    <!--Addons Widget Content -->
    <include name="AddonsWidgetContent">
        <left>$PARAM[left]</left>
        <top>$PARAM[top]</top>
        <width>$PARAM[width]</width>
        <height>$PARAM[height]</height>
        <include condition="Skin.HasSetting(EnableWidgetResetPosition)" content="WidgetPositionReset">
            <param name="widgetid">$PARAM[id]</param>
            <param name="onup">$PARAM[onup]</param>
            <param name="ondown">$PARAM[ondown]</param>
            <param name="onleft">$PARAM[onleft]</param>
            <param name="onback">9000</param>
        </include>
        <onleft condition="!Skin.HasSetting(EnableWidgetResetPosition)">$PARAM[onleft]</onleft>
        <onright>$PARAM[onright]</onright>
        <onup condition="!Skin.HasSetting(EnableWidgetResetPosition)">$PARAM[onup]</onup>
        <ondown condition="!Skin.HasSetting(EnableWidgetResetPosition)">$PARAM[ondown]</ondown>
        <onback condition="!Skin.HasSetting(EnableWidgetResetPosition)">9000</onback>
        <viewtype label="Addons">list</viewtype>
        <pagecontrol></pagecontrol>
        <scrolltime>200</scrolltime>
        <orientation>$PARAM[orientation]</orientation>
        <itemlayout height="330" width="270">
            <control type="image">
                <description>background</description>
                <left>0</left>
                <top>0</top>
                <width>270</width>
                <height>330</height>
                <texture border="8">RecentAddedBack.png</texture>
            </control>
            <control type="image">
                <left>15</left>
                <top>8</top>
                <width>240</width>
                <height>270</height>
                <texture background="true">$INFO[ListItem.Icon]</texture>
                <aspectratio>keep</aspectratio>
                <bordersize>8</bordersize>
            </control>
            <control type="label">
                <left>22</left>
                <top>262</top>
                <width>225</width>
                <height>30</height>
                <font>font13</font>
                <textcolor>grey2</textcolor>
                <shadowcolor>black</shadowcolor>
                <selectedcolor>selected</selectedcolor>
                <align>center</align>
                <aligny>center</aligny>
                <label>$INFO[ListItem.Label]</label>
            </control>
        </itemlayout>
        <focusedlayout height="330" width="270">
            <control type="image">
                <description>background</description>
                <left>0</left>
                <top>0</top>
                <width>270</width>
                <height>330</height>
                <texture border="8">RecentAddedBack.png</texture>
            </control>
            <control type="group">
                <top>1</top>
                <left>1</left>
                <include content="SelectedSolidVar" condition="!Skin.HasSetting(UseOutlineWidget)">
                    <param name="width">268</param>
                    <param name="height">328</param>
                </include>
                <include content="SelectedOutlineVar" condition="Skin.HasSetting(UseOutlineWidget)">
                    <param name="width">268</param>
                    <param name="height">328</param>
                </include>
            </control>
            <control type="image">
                <left>15</left>
                <top>8</top>
                <width>240</width>
                <height>270</height>
                <texture background="true">$INFO[ListItem.Icon]</texture>
                <aspectratio>keep</aspectratio>
                <bordersize>8</bordersize>
            </control>
            <control type="label">
                <left>22</left>
                <top>262</top>
                <width>225</width>
                <height>30</height>
                <font>font13</font>
                <textcolor>white</textcolor>
                <shadowcolor>black</shadowcolor>
                <selectedcolor>selected</selectedcolor>
                <align>center</align>
                <aligny>center</aligny>
                <label>$INFO[ListItem.Label]</label>
            </control>
        </focusedlayout>
        <content>
            <item id="1">
                <label>$LOCALIZE[1037]</label>
                <label2>$INFO[Window(Home).Property(SkinHelper.TotalVideoAddons)] $LOCALIZE[31025]</label2>
                <icon>DefaultAddonVideo.png</icon>
                <property name="AppsTarget">videos</property>
                <property name="AppsContent">addons://sources/video/</property>
                <property name="AppsSortBy">label</property>
                <onclick>ActivateWindow(Videos,Addons,return)</onclick>
            </item>
            <item id="2">
                <label>$LOCALIZE[1038]</label>
                <label2>$INFO[Window(Home).Property(SkinHelper.TotalAudioAddons)] $LOCALIZE[31025]</label2>
                <icon>DefaultAddonMusic.png</icon>
                <property name="AppsTarget">music</property>
                <property name="AppsContent">addons://sources/audio/</property>
                <property name="AppsSortBy">label</property>
                <onclick>ActivateWindow(Music,Addons,return)</onclick>
            </item>
            <item id="3">
                <label>$LOCALIZE[1039]</label>
                <label2>$INFO[Window(Home).Property(SkinHelper.TotalPicturesAddons)] $LOCALIZE[31025]</label2>
                <icon>DefaultAddonPicture.png</icon>
                <property name="AppsTarget">pictures</property>
                <property name="AppsContent">addons://sources/image/</property>
                <property name="AppsSortBy">label</property>
                <onclick>ActivateWindow(Pictures,Addons,return)</onclick>
            </item>
            <item id="4">
                <label>$LOCALIZE[1043]</label>
                <label2>$INFO[Window(Home).Property(SkinHelper.TotalProgramAddons)] $LOCALIZE[31025]</label2>
                <icon>DefaultAddonProgram.png</icon>
                <property name="AppsTarget">programs</property>
                <property name="AppsContent">addons://sources/executable/</property>
                <property name="AppsSortBy">label</property>
                <onclick>ActivateWindow(Programs,Addons,return)</onclick>
            </item>
            <item id="5">
                <label>$LOCALIZE[20244]</label>
                <icon>DefaultIconAndroid.png</icon>
                <property name="AppsTarget">programs</property>
                <property name="AppsContent">androidapp://sources/apps/</property>
                <property name="AppsSortBy">label</property>
                <onclick>ActivateWindow(Programs,return)</onclick>
                <visible>System.Platform.Android</visible>
            </item>
            <item id="6">
                <label>$LOCALIZE[21452]</label>
                <icon>DefaultFolder.png</icon>
                <property name="AppsTarget">addonbrowser</property>
                <property name="AppsContent">addons://all</property>
                <property name="AppsSortBy"></property>
                <onclick>ActivateWindow(AddonBrowser,return)</onclick>
            </item>
        </content>
    </include>
    <!--Special Items Widget Content -->
    <include name="SpecialItemsWidgetContent">
        <left>$PARAM[left]</left>
        <top>$PARAM[top]</top>
        <width>$PARAM[width]</width>
        <height>$PARAM[height]</height>
        <include condition="Skin.HasSetting(EnableWidgetResetPosition)" content="WidgetPositionReset">
            <param name="widgetid">$PARAM[id]</param>
            <param name="onup">$PARAM[onup]</param>
            <param name="ondown">$PARAM[ondown]</param>
            <param name="onleft">$PARAM[onleft]</param>
            <param name="onback">9000</param>
        </include>
        <onleft condition="!Skin.HasSetting(EnableWidgetResetPosition)">$PARAM[onleft]</onleft>
        <onright>$PARAM[onright]</onright>
        <onup condition="!Skin.HasSetting(EnableWidgetResetPosition)">$PARAM[onup]</onup>
        <ondown condition="!Skin.HasSetting(EnableWidgetResetPosition)">$PARAM[ondown]</ondown>
        <onback condition="!Skin.HasSetting(EnableWidgetResetPosition)">9000</onback>
        <viewtype label="Addons">list</viewtype>
        <pagecontrol></pagecontrol>
        <scrolltime>200</scrolltime>
        <orientation>$PARAM[orientation]</orientation>
        <itemlayout height="330" width="270">
            <control type="image">
                <description>background</description>
                <left>0</left>
                <top>0</top>
                <width>270</width>
                <height>330</height>
                <texture border="8">RecentAddedBack.png</texture>
            </control>
            <control type="image">
                <left>15</left>
                <top>8</top>
                <width>240</width>
                <height>270</height>
                <texture background="true">$INFO[ListItem.Icon]</texture>
                <aspectratio>keep</aspectratio>
                <bordersize>8</bordersize>
            </control>
            <control type="label">
                <left>22</left>
                <top>282</top>
                <width>225</width>
                <height>30</height>
                <font>font13</font>
                <textcolor>grey2</textcolor>
                <shadowcolor>black</shadowcolor>
                <selectedcolor>selected</selectedcolor>
                <align>center</align>
                <aligny>center</aligny>
                <label>$INFO[ListItem.Label]</label>
            </control>
        </itemlayout>
        <focusedlayout height="330" width="270">
            <control type="image">
                <description>background</description>
                <left>0</left>
                <top>0</top>
                <width>270</width>
                <height>330</height>
                <texture border="8">RecentAddedBack.png</texture>
            </control>
            <control type="group">
                <top>1</top>
                <left>1</left>
                <include content="SelectedSolidVar" condition="!Skin.HasSetting(UseOutlineWidget)">
                    <param name="width">268</param>
                    <param name="height">328</param>
                </include>
                <include content="SelectedOutlineVar" condition="Skin.HasSetting(UseOutlineWidget)">
                    <param name="width">268</param>
                    <param name="height">328</param>
                </include>
            </control>
            <control type="image">
                <left>15</left>
                <top>8</top>
                <width>240</width>
                <height>270</height>
                <texture background="true">$INFO[ListItem.Icon]</texture>
                <aspectratio>keep</aspectratio>
                <bordersize>8</bordersize>
            </control>
            <control type="label">
                <left>22</left>
                <top>282</top>
                <width>225</width>
                <height>30</height>
                <font>font13</font>
                <textcolor>white</textcolor>
                <shadowcolor>black</shadowcolor>
                <selectedcolor>selected</selectedcolor>
                <align>center</align>
                <aligny>center</aligny>
                <label>$INFO[ListItem.Label]</label>
            </control>
        </focusedlayout>
        <content>
            <include>skinshortcuts-group-specialitemswidget</include>
        </content>
    </include>
    <!--System Info Widget Content -->
    <include name="SystemInfoWidgetContent">
        <left>$PARAM[left]</left>
        <top>$PARAM[top]</top>
        <width>$PARAM[width]</width>
        <height>$PARAM[height]</height>
        <include condition="Skin.HasSetting(EnableWidgetResetPosition)" content="WidgetPositionReset">
            <param name="widgetid">$PARAM[id]</param>
            <param name="onup">$PARAM[onup]</param>
            <param name="ondown">$PARAM[ondown]</param>
            <param name="onleft">$PARAM[onleft]</param>
            <param name="onback">9000</param>
        </include>
        <onleft condition="!Skin.HasSetting(EnableWidgetResetPosition)">$PARAM[onleft]</onleft>
        <onright>$PARAM[onright]</onright>
        <onup condition="!Skin.HasSetting(EnableWidgetResetPosition)">$PARAM[onup]</onup>
        <ondown condition="!Skin.HasSetting(EnableWidgetResetPosition)">$PARAM[ondown]</ondown>
        <onback condition="!Skin.HasSetting(EnableWidgetResetPosition)">9000</onback>
        <viewtype label="21371">list</viewtype>
        <pagecontrol></pagecontrol>
        <scrolltime>200</scrolltime>
        <orientation>$PARAM[orientation]</orientation>
        <itemlayout height="330" width="270">
            <control type="image">
                <description>background</description>
                <left>0</left>
                <top>0</top>
                <width>270</width>
                <height>330</height>
                <texture border="8">RecentAddedBack.png</texture>
            </control>
            <control type="image">
                <left>45</left>
                <top>45</top>
                <width>195</width>
                <height>210</height>
                <texture background="true">$INFO[ListItem.Icon]</texture>
                <aspectratio>keep</aspectratio>
                <bordertexture border="8">button-nofocus.png</bordertexture>
                <bordersize>8</bordersize>
            </control>
            <control type="label">
                <left>22</left>
                <top>270</top>
                <width>225</width>
                <height>30</height>
                <font>font13</font>
                <textcolor>grey2</textcolor>
                <shadowcolor>black</shadowcolor>
                <selectedcolor>selected</selectedcolor>
                <align>center</align>
                <aligny>center</aligny>
                <label>$INFO[ListItem.Label]</label>
            </control>
            <control type="label">
                <left>22</left>
                <top>15</top>
                <width>225</width>
                <height>30</height>
                <font>font13</font>
                <textcolor>grey2</textcolor>
                <shadowcolor>black</shadowcolor>
                <selectedcolor>selected</selectedcolor>
                <align>center</align>
                <aligny>center</aligny>
                <label>$INFO[ListItem.Label2]</label>
            </control>
        </itemlayout>
        <focusedlayout height="330" width="270">
            <control type="image">
                <description>background</description>
                <left>0</left>
                <top>0</top>
                <width>270</width>
                <height>330</height>
                <texture border="22">RecentAddedBack.png</texture>
            </control>
            <control type="group">
                <top>1</top>
                <left>1</left>
                <include content="SelectedSolidVar" condition="!Skin.HasSetting(UseOutlineWidget)">
                    <param name="width">268</param>
                    <param name="height">328</param>
                </include>
                <include content="SelectedOutlineVar" condition="Skin.HasSetting(UseOutlineWidget)">
                    <param name="width">268</param>
                    <param name="height">328</param>
                </include>
            </control>
            <control type="image">
                <left>45</left>
                <top>45</top>
                <width>195</width>
                <height>210</height>
                <texture background="true">$INFO[ListItem.Icon]</texture>
                <aspectratio>keep</aspectratio>
                <bordersize>8</bordersize>
            </control>
            <control type="label">
                <left>22</left>
                <top>270</top>
                <width>225</width>
                <height>30</height>
                <font>font13</font>
                <textcolor>white</textcolor>
                <shadowcolor>black</shadowcolor>
                <selectedcolor>selected</selectedcolor>
                <align>center</align>
                <aligny>center</aligny>
                <label>$INFO[ListItem.Label]</label>
            </control>
            <control type="label">
                <left>22</left>
                <top>15</top>
                <width>225</width>
                <height>30</height>
                <font>font13</font>
                <textcolor>white</textcolor>
                <shadowcolor>black</shadowcolor>
                <selectedcolor>selected</selectedcolor>
                <align>center</align>
                <aligny>center</aligny>
                <label>$INFO[ListItem.Label2]</label>
            </control>
        </focusedlayout>
        <content>
            <item>
                <label>12390</label>
                <label2>$INFO[System.Uptime]</label2>
                <onclick>noop</onclick>
                <icon>special://skin/extras/icons/timer.png</icon>
                <onclick>ActivateWindowAndFocus(systeminfo, 95,0)</onclick>
            </item>
            <item>
                <label>Temperature</label>
                <label2>$INFO[System.CPUTemperature]</label2>
                <onclick>noop</onclick>
                <icon>special://skin/extras/icons/thermometer.png</icon>
                <visible>Integer.IsGreater(System.CPUTemperature,0)</visible>
                <onclick>ActivateWindowAndFocus(systeminfo, 98,0)</onclick>
            </item>
            <item>
                <label>CPU</label>
                <label2>$INFO[System.CPUUsage(used.percent)]</label2>
                <onclick>noop</onclick>
                <icon>special://skin/extras/icons/audioencode.png</icon>
                <onclick>ActivateWindowAndFocus(systeminfo, 98,0)</onclick>
            </item>
            <item>
                <label>158</label>
                <label2>$INFO[System.Memory(free.percent)] $LOCALIZE[156]</label2>
                <onclick>noop</onclick>
                <icon>special://skin/extras/icons/set.png</icon>
                <onclick>ActivateWindowAndFocus(systeminfo, 98,0)</onclick>
            </item>
            <item>
                <label>154</label>
                <label2>$INFO[System.FreeSpacePercent]</label2>
                <onclick>noop</onclick>
                <icon>special://skin/extras/icons/harddisk.png</icon>
                <onclick>ActivateWindowAndFocus(systeminfo, 94,0)</onclick>
            </item>
            <item>
                <label>705</label>
                <label2>$INFO[Network.LinkState]</label2>
                <onclick>noop</onclick>
                <icon>special://skin/extras/icons/satellite.png</icon>
                <onclick>ActivateWindowAndFocus(systeminfo, 96,0)</onclick>
            </item>
            <item>
                <label>19114</label>
                <label2>$INFO[System.BuildVersion]</label2>
                <onclick>noop</onclick>
                <icon>special://skin/extras/icons/info.png</icon>
                <onclick>ActivateWindowAndFocus(systeminfo, 100,0)</onclick>
            </item>
        </content>
    </include>
    <!-- Widget Labels -->
    <include name="mediawidgetLabelsInfo">
        <!-- Media Focus Labels -->
        <control type="group">
            <visible>Integer.IsGreater(Container($PARAM[id]).NumItems,0)</visible>
            <control type="group">
                <visible>Control.HasFocus($PARAM[id])</visible>
                <control type="label">
                    <description>Focused label</description>
                    <height>30</height>
                    <width>auto</width>
                    <label>[B]|  $VAR[$PARAM[widgetLine1]] $VAR[$PARAM[widgetLine2]] $VAR[$PARAM[widgetLine3]][/B]</label>
                    <aligny>center</aligny>
                    <font>font14</font>
                    <textcolor>white</textcolor>
                    <shadowcolor>black</shadowcolor>
                    <scroll>true</scroll>
                </control>
            </control>
        </control>
    </include>
    <!-- Arrow Indicators -->
    <include name="WidgetArrowIndicators">
        <!-- Arrow Indicators Vertical -->
        <control type="group">
            <left>$PARAM[leftmainvertical]</left>
            <top>$PARAM[topmainvertical]</top>
            <!-- Up -->
            <control type="image">
                <include>VisibleFadeEffect</include>
                <top>$PARAM[vertbuttonup]</top>
                <width>30</width>
                <height>30</height>
                <visible>Control.HasFocus($PARAM[id1]) + Container($PARAM[id1]).HasPrevious | Control.HasFocus($PARAM[id2]) + Container($PARAM[id2]).HasPrevious | Control.HasFocus($PARAM[id3]) + Container($PARAM[id3]).HasPrevious | Control.HasFocus($PARAM[id4]) + Container($PARAM[id4]).HasPrevious | Control.HasFocus($PARAM[id5]) + Container($PARAM[id5]).HasPrevious | Control.HasFocus($PARAM[id6]) + Container($PARAM[id6]).HasPrevious</visible>
                <texture>scroll-up.png</texture>
            </control>
            <!-- Down -->
            <control type="image">
                <include>VisibleFadeEffect</include>
                <top>$PARAM[vertbuttondown]</top>
                <width>30</width>
                <height>30</height>
                <visible>Control.HasFocus($PARAM[id1]) + Container($PARAM[id1]).HasNext | Control.HasFocus($PARAM[id2]) + Container($PARAM[id2]).HasNext | Control.HasFocus($PARAM[id3]) + Container($PARAM[id3]).HasNext | Control.HasFocus($PARAM[id4]) + Container($PARAM[id4]).HasNext | Control.HasFocus($PARAM[id5]) + Container($PARAM[id5]).HasNext | Control.HasFocus($PARAM[id6]) + Container($PARAM[id6]).HasNext</visible>
                <texture>scroll-down.png</texture>
            </control>
        </control>
        <!-- Arrow Indicators Horizontal -->
        <control type="group">
            <left>$PARAM[leftmainhorizontal]</left>
            <top>$PARAM[topmainhorizontal]</top>
            <!-- Left -->
            <control type="image">
                <include>VisibleFadeEffect</include>
                <left>$PARAM[horizbuttonleft]</left>
                <width>30</width>
                <height>30</height>
                <visible>Control.HasFocus($PARAM[id1]) + Container($PARAM[id1]).HasPrevious | Control.HasFocus($PARAM[id2]) + Container($PARAM[id2]).HasPrevious | Control.HasFocus($PARAM[id3]) + Container($PARAM[id3]).HasPrevious | Control.HasFocus($PARAM[id4]) + Container($PARAM[id4]).HasPrevious | Control.HasFocus($PARAM[id5]) + Container($PARAM[id5]).HasPrevious | Control.HasFocus($PARAM[id6]) + Container($PARAM[id6]).HasPrevious</visible>
                <texture>scroll-left.png</texture>
            </control>
            <!-- Right -->
            <control type="image">
                <include>VisibleFadeEffect</include>
                <left>$PARAM[horizbuttonright]</left>
                <width>30</width>
                <height>30</height>
                <visible>Control.HasFocus($PARAM[id1]) + Container($PARAM[id1]).HasNext | Control.HasFocus($PARAM[id2]) + Container($PARAM[id2]).HasNext | Control.HasFocus($PARAM[id3]) + Container($PARAM[id3]).HasNext | Control.HasFocus($PARAM[id4]) + Container($PARAM[id4]).HasNext | Control.HasFocus($PARAM[id5]) + Container($PARAM[id5]).HasNext | Control.HasFocus($PARAM[id6]) + Container($PARAM[id6]).HasNext</visible>
                <texture>scroll-right.png</texture>
            </control>
        </control>
    </include>
</includes>
