<?xml version="1.0" encoding="UTF-8"?>
<window>
    <defaultcontrol always="true">50</defaultcontrol>
    <menucontrol>9000</menucontrol>
    <views>50,51,720,726,728,503,500,550,551,560</views>
    <controls>
        <include>CommonBackground</include>
        <include>ContentPanelBackgrounds</include>
        <control type="group">
            <include>Animation.Common</include>
            <!-- view id = 50 -->
            <include>CommonRootView</include>
            <!-- view id = 51 -->
            <include>FullWidthList</include>
            <!-- view id = 500 -->
            <include>ThumbnailView</include>
            <!-- view id = 503 -->
            <include>MediaListView3</include>
            <!-- view id = 550 -->
            <include>AddonInfoListView1</include>
            <!-- view id = 551 -->
            <include>AddonInfoThumbView1</include>
            <!-- view id = 560 -->
            <include>LiveTVView1</include>
            <!-- view id = 726 -->
            <include>Title</include>
            <!-- view id = 720 -->
            <include>Seasons</include>
            <!-- view id = 728 -->
            <include>Episode</include>
        </control>
        <control type="group">
            <depth>DepthFooter</depth>
            <include>CommonPageCount</include>
            <include>CommonNowPlaying</include>
        </control>
        <include>MainWindowMouseButtons</include>
        <include>BehindDialogFadeOut</include>
        <include>ScrollOffsetLabel</include>
        <include content="CommonWindowHeader">
            <param name="Icon" value="icon_video" />
        </include>
        <control type="group">
            <left>-375</left>
            <include>SideBladeLeft</include>
            <control type="grouplist" id="9000">
                <left>0</left>
                <top>90</top>
                <width>375</width>
                <height>975</height>
                <onleft>9000</onleft>
                <onright>50</onright>
                <onup>9000</onup>
                <ondown>9000</ondown>
                <onback>50</onback>
                <itemgap>0</itemgap>
                <control type="label" id="200">
                    <width>375</width>
                    <height>60</height>
                    <font>font12</font>
                    <label>31006</label>
                    <textcolor>$VAR[ColorHighlightVar]</textcolor>
                    <align>center</align>
                    <aligny>center</aligny>
                </control>
                <control type="button" id="2">
                    <description>View As button</description>
                    <textwidth>352</textwidth>
                    <include>ButtonCommonValues</include>
                    <label></label>
                </control>
                <!--control type="label" id="202">
                    <width>375</width>
                    <height>52</height>
                    <textoffsetx>15</textoffsetx>
                    <font>font12</font>
                    <label>Try again</label>
                    <textcolor>$VAR[ColorHighlightVar]</textcolor>
                    <align>center</align>
                    <aligny>center</aligny>
                </control>
                <control type="button" id="1802">
                    <label>Viewtype:</label>
                    <label2>$INFO[Container.Viewmode]</label2>
                    <include>ButtonCommonValues</include>
                    <onclick>SetProperty(viewtypeselect,1,home)</onclick>
                    <onclick>ActivateWindow(1118)</onclick>
                    <visible>![Window.IsActive(musicplaylisteditor) | Window.IsActive(tvguide) | Window.IsActive(tvchannels) | Window.IsActive(tvtimers) | Window.IsActive(tvtimerrules) | Window.IsActive(tvrecordings) | Window.IsActive(tvsearch) | Window.IsActive(radiochannels) | Window.IsActive(radiotimers) | Window.IsActive(radiotimerrules) | Window.IsActive(radiorecordings) | Window.IsActive(radiosearch)]</visible>
                    <enable>!Window.IsActive(eventlog)</enable>
                </control-->
                <control type="button" id="3">
                    <description>Sort by button</description>
                    <include>ButtonCommonValues</include>
                    <label>103</label>
                </control>
                <control type="togglebutton" id="4">
                    <description>Sort asc</description>
                    <include>ButtonCommonValues</include>
                    <alttexturefocus colordiffuse="$VAR[ColorHighlightVar]" border="8">button-focus.png</alttexturefocus>
                    <alttexturenofocus></alttexturenofocus>
                    <label>31051</label>
                    <altlabel>31050</altlabel>
                    <usealttexture>Container.SortDirection(Ascending)</usealttexture>
                </control>
                <control type="edit" id="19">
                    <visible>Container.CanFilter + !Container.CanFilterAdvanced</visible>
                    <description>Filter</description>
                    <textwidth>345</textwidth>
                    <include>ButtonCommonValues</include>
                    <label>587</label>
                </control>
                <control type="radiobutton" id="98">
                    <visible>Container.CanFilterAdvanced</visible>
                    <description>Filter</description>
                    <include>ButtonCommonValues</include>
                    <label>587</label>
                    <selected>Container.Filtered</selected>
                    <onclick>right</onclick>
                    <onclick>Filter</onclick>
                </control>
                <control type="radiobutton" id="99">
                    <description>Show Info Toggle</description>
                    <textwidth>255</textwidth>
                    <include>ButtonCommonValues</include>
                    <label>31005</label>
                    <onclick>Skin.ToggleSetting(View508HideInfo)</onclick>
                    <selected>Skin.HasSetting(View508HideInfo)</selected>
                    <visible>Control.IsVisible(508)</visible>
                </control>
                <control type="label" id="201">
                    <width>375</width>
                    <height>60</height>
                    <font>font12</font>
                    <label>31026</label>
                    <textcolor>$VAR[ColorHighlightVar]</textcolor>
                    <align>center</align>
                    <aligny>center</aligny>
                </control>
                <control type="radiobutton" id="14">
                    <description>Watched Toggle</description>
                    <textwidth>255</textwidth>
                    <include>ButtonCommonValues</include>
                    <label>20367</label>
                </control>
                <control type="button" id="8">
                    <description>Search</description>
                    <include>ButtonCommonValues</include>
                    <label>137</label>
                </control>
                <control type="radiobutton" id="16">
                    <description>PartyMode</description>
                    <label>589</label>
                    <include>ButtonCommonValues</include>
                    <visible>Container.Content(MusicVideos)</visible>
                </control>
                <control type="radiobutton" id="11">
                    <description>Unlock Shares</description>
                    <textwidth>255</textwidth>
                    <include>ButtonCommonValues</include>
                    <label>20336</label>
                    <onclick>mastermode</onclick>
                    <selected>system.ismaster</selected>
                    <visible>system.haslocks</visible>
                </control>
                <control type="label" id="203">
                    <width>375</width>
                    <height>60</height>
                    <font>font12</font>
                    <label>31039</label>
                    <textcolor>$VAR[ColorHighlightVar]</textcolor>
                    <align>center</align>
                    <aligny>center</aligny>
                </control>
                <control type="togglebutton" id="20">
                    <description>Update library</description>
                    <textwidth>352</textwidth>
                    <include>ButtonCommonValues</include>
                    <label>653</label>
                    <altlabel>13353</altlabel>
                    <alttexturefocus colordiffuse="$VAR[ColorHighlightVar]" border="8">button-focus.png</alttexturefocus>
                    <alttexturenofocus></alttexturenofocus>
                    <usealttexture>library.isscanningvideo</usealttexture>
                </control>
                <control type="button" id="204">
                    <description>Get more</description>
                    <textwidth>352</textwidth>
                    <include>ButtonCommonValues</include>
                    <label>21452</label>
                    <onclick>ActivateWindow(addonbrowser,addons://more/video/,return)</onclick>
                    <visible>Container.Content(addons)</visible>
                </control>
                <!--include>CommonNowPlaying_Controls</include-->
                <control type="button" id="205">
                    <description>Get more</description>
                    <textwidth>352</textwidth>
                    <include>ButtonCommonValues</include>
                    <label>Player Controls</label>
                    <onclick>CloseWindow(videos)</onclick>
                    <onclick>ActivateWindow(PlayerControls)</onclick>
                    <visible>Player.HasMedia + !VideoPlayer.Content(LiveTV)</visible>
                </control>
            </control>
            <control type="group">
                <include content="SettingsFocusGradientSolidHack">
                    <param name="id">9000</param>
                    <param name="top">90</param>
                    <param name="left">0</param>
                    <param name="width">375</param>
                    <param name="height">60</param>
                    <param name="slide">60</param>
                </include>
            </control>
        </control>
    </controls>
</window>
