<?xml version="1.0" encoding="UTF-8"?>
<window>
    <defaultcontrol always="true">50</defaultcontrol>
    <menucontrol>9000</menucontrol>
    <controls>
        <include>CommonBackground</include>
        <control type="multiimage">
            <include>BackgroundDimensions</include>
            <aspectratio>scale</aspectratio>
            <imagepath background="true">resource://resource.images.weatherfanart.multi/$INFO[Window(Weather).Property(Current.FanartCode)]</imagepath>
            <timeperimage>10000</timeperimage>
            <randomize>true</randomize>
            <fadetime>1000</fadetime>
            <include>VisibleFadeEffect</include>
            <visible>System.HasAddon(resource.images.weatherfanart.multi)</visible>
            <animation effect="fade" time="150">WindowClose</animation>
        </control>
        <include content="CommonWindowHeader">
            <param name="Icon" value="icon_weather" />
        </include>
        <control type="image">
            <include>Floor_Animation</include>
            <left>0</left>
            <top>150r</top>
            <width>1920</width>
            <height>150</height>
            <texture>floor.png</texture>
            <include>VisibleFadeEffect</include>
        </control>
        <control type="group">
            <include>Animation.Common</include>
            <include>VisibleFadeEffect</include>
            <include>BehindDialogFadeOut</include>
            <control type="group">
                <left>90</left>
                <top>60</top>
                <control type="image">
                    <left>0</left>
                    <top>0</top>
                    <width>750</width>
                    <height>930</height>
                    <texture border="30">ContentPanel.png</texture>
                </control>
                <control type="image">
                    <left>0</left>
                    <top>918</top>
                    <width>750</width>
                    <height>96</height>
                    <texture border="15">ContentPanelMirror.png</texture>
                </control>
                <control type="image">
                    <left>12</left>
                    <top>8</top>
                    <width>726</width>
                    <height>68</height>
                    <texture>dialogheader.png</texture>
                </control>
                <control type="label">
                    <description>header label</description>
                    <left>30</left>
                    <top>22</top>
                    <width>690</width>
                    <height>45</height>
                    <font>font13_title</font>
                    <label>31300</label>
                    <align>center</align>
                    <aligny>center</aligny>
                    <textcolor>white</textcolor>
                    <shadowcolor>black</shadowcolor>
                </control>
                <control type="image">
                    <left>45</left>
                    <top>82</top>
                    <width>660</width>
                    <height>69</height>
                    <aspectratio align="center" aligny="center">keep</aspectratio>
                    <texture>$INFO[Window.Property(WeatherProviderLogo)]</texture>
                </control>
                <control type="label">
                    <description>Provider Text</description>
                    <left>30</left>
                    <top>90</top>
                    <width>690</width>
                    <height>52</height>
                    <font>font12</font>
                    <textcolor>white</textcolor>
                    <scroll>true</scroll>
                    <align>center</align>
                    <aligny>center</aligny>
                    <label>$LOCALIZE[31303] : [COLOR=orange]$INFO[Window.Property(WeatherProvider)][/COLOR]</label>
                    <include>Animation.Common</include>
                    <visible>String.IsEmpty(Window.Property(WeatherProviderLogo))</visible>
                </control>
                <control type="group">
                    <control type="label">
                        <description>weather location label</description>
                        <left>30</left>
                        <top>150</top>
                        <width>690</width>
                        <height>45</height>
                        <font>font13_title</font>
                        <textcolor>white</textcolor>
                        <scroll>false</scroll>
                        <align>center</align>
                        <aligny>center</aligny>
                        <label>$INFO[Window.Property(Location)]</label>
                    </control>
                    <control type="label">
                        <description>update label</description>
                        <left>30</left>
                        <top>180</top>
                        <width>690</width>
                        <height>52</height>
                        <font>font12</font>
                        <label>$LOCALIZE[31301] - $INFO[Window.Property(Updated)]</label>
                        <align>center</align>
                        <aligny>center</aligny>
                        <textcolor>grey2</textcolor>
                    </control>
                    <control type="group">
                        <depth>DepthContent+</depth>
                        <control type="label">
                            <description>current temp Value</description>
                            <left>22</left>
                            <top>278</top>
                            <width>270</width>
                            <height>60</height>
                            <font>WeatherTemp</font>
                            <align>right</align>
                            <aligny>top</aligny>
                            <label>$INFO[Window.Property(Current.Temperature)]</label>
                            <textcolor>white</textcolor>
                            <shadowcolor>black</shadowcolor>
                        </control>
                        <control type="label">
                            <description>current temp Value Units</description>
                            <left>300</left>
                            <top>309</top>
                            <width>150</width>
                            <height>60</height>
                            <font>font16</font>
                            <align>left</align>
                            <aligny>top</aligny>
                            <label>[B]$INFO[System.TemperatureUnits][/B]</label>
                            <textcolor>white</textcolor>
                            <shadowcolor>black</shadowcolor>
                        </control>
                        <control type="image">
                            <description>current weather icon</description>
                            <left>390</left>
                            <top>218</top>
                            <width>300</width>
                            <height>300</height>
                            <texture>$VAR[WeatherIconVar]$INFO[Window(weather).Property(Day0.FanartCode),,.png]</texture>
                            <aspectratio>keep</aspectratio>
                        </control>
                    </control>
                    <control type="label">
                        <description>current condition label</description>
                        <left>30</left>
                        <top>525</top>
                        <width>690</width>
                        <height>45</height>
                        <info>Window.Property(Current.Condition)</info>
                        <wrapmultiline>true</wrapmultiline>
                        <font>font13</font>
                        <align>center</align>
                        <aligny>center</aligny>
                        <textcolor>white</textcolor>
                        <shadowcolor>black</shadowcolor>
                    </control>
                </control>
                <control type="image">
                    <left>30</left>
                    <top>585</top>
                    <width>690</width>
                    <height>6</height>
                    <texture>separator.png</texture>
                </control>
                <control type="grouplist">
                    <left>0</left>
                    <top>600</top>
                    <width>255</width>
                    <height>270</height>
                    <itemgap>0</itemgap>
                    <control type="label">
                        <description>current feels like label</description>
                        <left>0</left>
                        <top>0</top>
                        <width>255</width>
                        <height>42</height>
                        <font>font13</font>
                        <align>right</align>
                        <aligny>center</aligny>
                        <label>$LOCALIZE[402] :</label>
                        <textcolor>grey2</textcolor>
                        <shadowcolor>black</shadowcolor>
                        <visible>!String.IsEmpty(Window.Property(Current.FeelsLike))</visible>
                    </control>
                    <control type="label">
                        <description>current dew label</description>
                        <left>0</left>
                        <top>0</top>
                        <width>255</width>
                        <height>42</height>
                        <font>font13</font>
                        <align>right</align>
                        <aligny>center</aligny>
                        <label>$LOCALIZE[405] :</label>
                        <textcolor>grey2</textcolor>
                        <shadowcolor>black</shadowcolor>
                        <visible>!String.IsEmpty(Window.Property(Current.DewPoint))</visible>
                    </control>
                    <control type="label">
                        <description>current humidity label</description>
                        <left>0</left>
                        <top>0</top>
                        <width>255</width>
                        <height>42</height>
                        <font>font13</font>
                        <align>right</align>
                        <aligny>center</aligny>
                        <label>$LOCALIZE[406] :</label>
                        <textcolor>grey2</textcolor>
                        <shadowcolor>black</shadowcolor>
                        <visible>!String.IsEmpty(Window.Property(Current.Humidity))</visible>
                    </control>
                    <control type="label">
                        <description>current UV Index label</description>
                        <left>0</left>
                        <top>0</top>
                        <width>255</width>
                        <height>42</height>
                        <font>font13</font>
                        <align>right</align>
                        <aligny>center</aligny>
                        <label>$LOCALIZE[403] :</label>
                        <textcolor>grey2</textcolor>
                        <shadowcolor>black</shadowcolor>
                        <visible>!String.IsEmpty(Window.Property(Current.UVIndex))</visible>
                    </control>
                    <control type="label">
                        <description>current Precipitation label</description>
                        <left>0</left>
                        <top>0</top>
                        <width>255</width>
                        <height>42</height>
                        <font>font13</font>
                        <align>right</align>
                        <aligny>center</aligny>
                        <label>$LOCALIZE[33021] :</label>
                        <textcolor>grey2</textcolor>
                        <shadowcolor>black</shadowcolor>
                        <visible>!String.IsEmpty(Window.Property(Current.Precipitation))</visible>
                    </control>
                    <control type="label">
                        <description>current Wind label</description>
                        <left>0</left>
                        <top>0</top>
                        <width>255</width>
                        <height>42</height>
                        <font>font13</font>
                        <align>right</align>
                        <aligny>center</aligny>
                        <label>$LOCALIZE[404] :</label>
                        <textcolor>grey2</textcolor>
                        <shadowcolor>black</shadowcolor>
                        <visible>!String.IsEmpty(Window.Property(Current.Wind))</visible>
                    </control>
                </control>
                <control type="grouplist">
                    <left>278</left>
                    <top>600</top>
                    <width>450</width>
                    <height>270</height>
                    <itemgap>0</itemgap>
                    <control type="label">
                        <description>current feels like Value</description>
                        <left>0</left>
                        <top>0</top>
                        <width>450</width>
                        <height>42</height>
                        <font>font13</font>
                        <align>left</align>
                        <aligny>center</aligny>
                        <label>$INFO[Window.Property(Current.FeelsLike)]$INFO[System.TemperatureUnits]</label>
                        <textcolor>white</textcolor>
                        <shadowcolor>black</shadowcolor>
                        <visible>!String.IsEmpty(Window.Property(Current.FeelsLike))</visible>
                    </control>
                    <control type="label">
                        <description>current dew Value</description>
                        <left>0</left>
                        <top>0</top>
                        <width>450</width>
                        <height>42</height>
                        <font>font13</font>
                        <align>left</align>
                        <aligny>center</aligny>
                        <label>$INFO[Window.Property(Current.DewPoint)]$INFO[System.TemperatureUnits]</label>
                        <textcolor>white</textcolor>
                        <shadowcolor>black</shadowcolor>
                        <visible>!String.IsEmpty(Window.Property(Current.DewPoint))</visible>
                    </control>
                    <control type="label">
                        <description>current humidity Value</description>
                        <left>0</left>
                        <top>0</top>
                        <width>450</width>
                        <height>42</height>
                        <font>font13</font>
                        <align>left</align>
                        <aligny>center</aligny>
                        <info>Window.Property(Current.Humidity)</info>
                        <textcolor>white</textcolor>
                        <shadowcolor>black</shadowcolor>
                        <visible>!String.IsEmpty(Window.Property(Current.Humidity))</visible>
                    </control>
                    <control type="label">
                        <description>current UV Index Value</description>
                        <left>0</left>
                        <top>0</top>
                        <width>450</width>
                        <height>42</height>
                        <font>font13</font>
                        <align>left</align>
                        <aligny>center</aligny>
                        <info>Window.Property(Current.UVIndex)</info>
                        <textcolor>white</textcolor>
                        <shadowcolor>black</shadowcolor>
                        <visible>!String.IsEmpty(Window.Property(Current.UVIndex))</visible>
                    </control>
                    <control type="label">
                        <description>current Precipitation Value</description>
                        <left>0</left>
                        <top>0</top>
                        <width>450</width>
                        <height>42</height>
                        <font>font13</font>
                        <align>left</align>
                        <aligny>center</aligny>
                        <info>Window.Property(Current.Precipitation)</info>
                        <textcolor>white</textcolor>
                        <shadowcolor>black</shadowcolor>
                        <visible>!String.IsEmpty(Window.Property(Current.Precipitation))</visible>
                    </control>
                    <control type="label">
                        <description>current Wind Value</description>
                        <left>0</left>
                        <top>0</top>
                        <width>450</width>
                        <height>42</height>
                        <font>font13</font>
                        <align>left</align>
                        <aligny>center</aligny>
                        <info>Window.Property(Current.Wind)</info>
                        <textcolor>white</textcolor>
                        <shadowcolor>black</shadowcolor>
                        <visible>!String.IsEmpty(Window.Property(Current.Wind))</visible>
                    </control>
                </control>
                <control type="group">
                    <visible>!String.IsEmpty(Window.Property(Today.IsFetched))</visible>
                    <control type="label">
                        <description>Sunrise Label</description>
                        <left>45</left>
                        <top>855</top>
                        <width>450</width>
                        <height>52</height>
                        <font>font13</font>
                        <align>left</align>
                        <aligny>center</aligny>
                        <label>$LOCALIZE[33027] : [COLOR=white]$INFO[Window.Property(Today.Sunrise)][/COLOR]</label>
                        <textcolor>grey2</textcolor>
                        <shadowcolor>black</shadowcolor>
                        <visible>!String.IsEmpty(Window.Property(Today.Sunrise))</visible>
                    </control>
                    <control type="label">
                        <description>Sunset label</description>
                        <left>255</left>
                        <top>855</top>
                        <width>450</width>
                        <height>52</height>
                        <font>font13</font>
                        <align>right</align>
                        <aligny>center</aligny>
                        <label>$LOCALIZE[33028] : [COLOR=white]$INFO[Window.Property(Today.Sunset)][/COLOR]</label>
                        <textcolor>grey2</textcolor>
                        <shadowcolor>black</shadowcolor>
                        <visible>!String.IsEmpty(Window.Property(Today.Sunset))</visible>
                    </control>
                </control>
            </control>
            <control type="group">
                <left>870</left>
                <top>60</top>
                <control type="image">
                    <left>0</left>
                    <top>0</top>
                    <width>975</width>
                    <height>930</height>
                    <texture border="30">ContentPanel.png</texture>
                </control>
                <control type="image">
                    <left>0</left>
                    <top>918</top>
                    <width>975</width>
                    <height>96</height>
                    <texture border="15">ContentPanelMirror.png</texture>
                </control>
                <control type="image">
                    <left>12</left>
                    <top>8</top>
                    <width>951</width>
                    <height>68</height>
                    <texture>dialogheader.png</texture>
                </control>
                <control type="group" id="50">
                    <include>WeatherDaily</include>
                    <include>Weather36Hour</include>
                    <include>WeatherWeekend</include>
                    <include>WeatherHourly</include>
                    <include>WeatherMaps</include>
                    <include>WeatherAlerts</include>
                </control>
            </control>
        </control>
        <control type="group">
            <depth>DepthFooter</depth>
            <include>CommonNowPlaying</include>
        </control>
        <include>MainWindowMouseButtons</include>
        <control type="group">
            <left>-375</left>
            <include>SideBladeLeft</include>
            <include>BehindDialogFadeOut</include>
            <control type="grouplist" id="9000">
                <left>0</left>
                <top>90</top>
                <width>375</width>
                <height>975</height>
                <onleft>9000</onleft>
                <onright>50</onright>
                <onup>9000</onup>
                <ondown>9000</ondown>
                <onback>50</onback>
                <itemgap>0</itemgap>
                <control type="label" id="200">
                    <width>375</width>
                    <height>60</height>
                    <font>font12</font>
                    <label>31006</label>
                    <textcolor>$VAR[ColorHighlightVar]</textcolor>
                    <align>center</align>
                    <aligny>center</aligny>
                </control>
                <control type="group" id="300">
                    <width>375</width>
                    <height>60</height>
                    <control type="spincontrolex" id="3">
                        <description>change location button</description>
                        <left>0</left>
                        <top>0</top>
                        <font></font>
                        <include>ButtonCommonValues</include>
                        <onleft>50</onleft>
                        <onright>50</onright>
                        <onup>200</onup>
                        <ondown>302</ondown>
                        <onback>50</onback>
                    </control>
                    <control type="label" id="301">
                        <left>15</left>
                        <top>0</top>
                        <width>300</width>
                        <height>60</height>
                        <font>font13</font>
                        <label>31027</label>
                        <textcolor>white</textcolor>
                        <align>left</align>
                        <aligny>center</aligny>
                    </control>
                </control>
                <control type="button" id="302">
                    <description>Daily forcast button</description>
                    <textwidth>352</textwidth>
                    <include>ButtonCommonValues</include>
                    <label>31904</label>
                    <onfocus>ClearProperty(Weather.CurrentView)</onfocus>
                    <visible>!String.IsEmpty(Window.Property(Daily.IsFetched))</visible>
                </control>
                <control type="button" id="303">
                    <description>36 hour forcast button</description>
                    <textwidth>352</textwidth>
                    <include>ButtonCommonValues</include>
                    <label>31901</label>
                    <onfocus>SetProperty(Weather.CurrentView,36hour)</onfocus>
                    <visible>!String.IsEmpty(Window.Property(36Hour.IsFetched))</visible>
                </control>
                <control type="button" id="304">
                    <description>Weekend forcast button</description>
                    <textwidth>352</textwidth>
                    <include>ButtonCommonValues</include>
                    <label>31903</label>
                    <onfocus>SetProperty(Weather.CurrentView,weekend)</onfocus>
                    <visible>!String.IsEmpty(Window.Property(Weekend.IsFetched))</visible>
                </control>
                <control type="button" id="305">
                    <description>Hourly forcast button</description>
                    <textwidth>352</textwidth>
                    <include>ButtonCommonValues</include>
                    <label>31902</label>
                    <onfocus>SetProperty(Weather.CurrentView,hourly)</onfocus>
                    <visible>!String.IsEmpty(Window.Property(Hourly.IsFetched))</visible>
                </control>
                <control type="button" id="306">
                    <description>Maps button</description>
                    <textwidth>352</textwidth>
                    <include>ButtonCommonValues</include>
                    <label>31910</label>
                    <onfocus>SetProperty(Weather.CurrentView,map)</onfocus>
                    <visible>!String.IsEmpty(Window.Property(Map.IsFetched))</visible>
                </control>
                <control type="button" id="307">
                    <description>Alerts button</description>
                    <textwidth>352</textwidth>
                    <include>ButtonCommonValues</include>
                    <label>33050</label>
                    <onfocus>SetProperty(Weather.CurrentView,alerts)</onfocus>
                    <visible>!String.IsEmpty(Window.Property(Alerts.IsFetched))</visible>
                </control>
                <control type="label" id="201">
                    <width>375</width>
                    <height>60</height>
                    <font>font12</font>
                    <label>31026</label>
                    <textcolor>$VAR[ColorHighlightVar]</textcolor>
                    <align>center</align>
                    <aligny>center</aligny>
                </control>
                <control type="button" id="4">
                    <description>Settings button</description>
                    <label>5</label>
                    <onclick>ActivateWindow(servicesettings,weather)</onclick>
                    <textwidth>352</textwidth>
                    <include>ButtonCommonValues</include>
                </control>
                <control type="button" id="5">
                    <description>Choose Icons button</description>
                    <label>Choose Icons</label>
                    <onclick condition="System.HasAddon(script.image.resource.select)">RunScript(script.image.resource.select,property=weather.icons&amp;type=resource.images.weathericons)</onclick>
                    <onclick condition="!System.HasAddon(script.image.resource.select)">InstallAddon(script.image.resource.select)</onclick>
                    <textwidth>352</textwidth>
                    <include>ButtonCommonValues</include>
                </control>
                <control type="button" id="2">
                    <description>Refresh button</description>
                    <textwidth>352</textwidth>
                    <include>ButtonCommonValues</include>
                    <label>103</label>
                </control>
                <control type="button" id="205">
                    <description>Get more</description>
                    <textwidth>352</textwidth>
                    <include>ButtonCommonValues</include>
                    <label>Player Controls</label>
                    <onclick>CloseWindow(videos)</onclick>
                    <onclick>ActivateWindow(PlayerControls)</onclick>
                    <visible>Player.HasMedia + !VideoPlayer.Content(LiveTV)</visible>
                </control>
            </control>
            <!--include>CommonNowPlaying_Controls</include-->

            <control type="group">
                <include content="SettingsFocusGradientSolidHack">
                    <param name="id">9000</param>
                    <param name="top">90</param>
                    <param name="left">0</param>
                    <param name="width">375</param>
                    <param name="height">60</param>
                    <param name="slide">60</param>
                </include>
            </control>
        </control>
    </controls>
</window>
