<?xml version="1.0" encoding="UTF-8"?>
<window>
    <defaultcontrol always="true">100</defaultcontrol>
    <onload condition="!VideoPlayer.Content(LiveTV)">SetFocus(202)</onload>
    <include>dialogeffect</include>
    <depth>DepthOSD</depth>
    <coordinates>
        <left>0</left>
        <top>0</top>
    </coordinates>
    <controls>
        <control type="button" id="1000">
            <description>Close Window button</description>
            <left>126r</left>
            <top>0</top>
            <width>96</width>
            <height>48</height>
            <label></label>
            <font></font>
            <onclick>Dialog.Close(VideoOSD,true)</onclick>
            <onclick>FullScreen</onclick>
            <texturefocus>DialogCloseButton-focus.png</texturefocus>
            <texturenofocus>DialogCloseButton.png</texturenofocus>
            <onleft>1000</onleft>
            <onright>1000</onright>
            <onup>100</onup>
            <ondown>100</ondown>
            <animation effect="slide" start="0,0" end="-45,0" time="0" condition="Window.IsVisible(Mutebug)">conditional</animation>
            <animation effect="fade" time="150">VisibleChange</animation>
            <visible>![Window.IsVisible(SliderDialog) | Window.IsVisible(OSDVideoSettings) | Window.IsVisible(OSDAudioSettings) | Window.IsVisible(OSDAudioDSPSettings) | Window.IsVisible(VideoBookmarks)]</visible>
        </control>
        <control type="group">
            <left>225</left>
            <top>540</top>
            <visible>!Player.ShowInfo</visible>
            <control type="image" id="1">
                <description>background</description>
                <left>-300</left>
                <top>352</top>
                <width>2250</width>
                <height>210</height>
                <texture colordiffuse="black">RecentAddedBack.png</texture>
            </control>
            <control type="label" id="1">
                <visible>!VideoPlayer.Content(LiveTV)</visible>
                <left>603</left>
                <top>357</top>
                <width>270</width>
                <height>38</height>
                <font>font12</font>
                <textcolor>$VAR[ColorHighlightVar]</textcolor>
                <align>center</align>
                <aligny>center</aligny>
                <label>$LOCALIZE[31049] $INFO[Player.FinishTime]</label>
            </control>
            <control type="label" id="1">
                <visible>!VideoPlayer.Content(LiveTV)</visible>
                <left>120</left>
                <top>368</top>
                <width>160</width>
                <height>60</height>
                <font>font16</font>
                <textcolor>grey2</textcolor>
                <align>right</align>
                <aligny>center</aligny>
                <label>$INFO[Player.Time(hh:mm:ss)]</label>
            </control>
            <control type="progress" id="1">
                <description>ProgressbarCache</description>
                <left>295</left>
                <top>390</top>
                <width>900</width>
                <height>24</height>
                <info>Player.ProgressCache</info>
                <midtexture border="9,0,9,0">OSDProgressMidLight.png</midtexture>
                <visible>!Player.ChannelPreviewActive</visible>
            </control>
            <control type="progress" id="1">
                <description>Progressbar</description>
                <left>295</left>
                <top>390</top>
                <width>900</width>
                <height>24</height>
                <info>Player.Progress</info>
            </control>
            <control type="label" id="1">
                <visible>!VideoPlayer.Content(LiveTV)</visible>
                <left>1210</left>
                <top>368</top>
                <width>150</width>
                <height>60</height>
                <font>font16</font>
                <textcolor>grey2</textcolor>
                <align>left</align>
                <aligny>center</aligny>
                <label>$INFO[Player.Duration(hh:mm:ss)]</label>
            </control>
        </control>
        <!-- INVISIBLE LIST FOR INFO BUTTON -->
        <include condition="[ VideoPlayer.Content(Movies) | VideoPlayer.Content(Episodes) ] + !String.IsEmpty(VideoPlayer.DBID) + VideoPlayer.HasInfo + !Player.IsInternetStream + !Pvr.IsPlayingRecording">VideoOsdInfoButtonList</include>
        <control type="grouplist" id="100">
            <left>555</left>
            <top>968</top>
            <orientation>horizontal</orientation>
            <itemgap>0</itemgap>
            <animation effect="fade" time="150">VisibleChange</animation>
            <visible>![Window.IsVisible(SliderDialog) | Window.IsVisible(OSDVideoSettings) | Window.IsVisible(OSDAudioSettings) | Window.IsVisible(OSDAudioDSPSettings) | Window.IsVisible(VideoBookmarks) | Window.IsVisible(PVROSDChannels) | Window.IsVisible(PVROSDGuide)]</visible>
            <onup>1000</onup>
            <control type="button" id="207">
                <width>82</width>
                <height>82</height>
                <label>INFO</label>
                <font></font>
                <texturefocus colordiffuse="$VAR[ColorHighlightVar]">OSDinfodialogFO.png</texturefocus>
                <texturenofocus>OSDinfodialogNF.png</texturenofocus>
                <onclick>SetProperty(OSDinfodialogButtonActive,True,home)</onclick>
                <onclick condition="!Player.Paused">Pause</onclick>
                <onclick>SetFocus(43260)</onclick>
                <onclick>Action(Info)</onclick>
                <onclick>SetFocus(202)</onclick>
                <visible>[ VideoPlayer.Content(Movies) | VideoPlayer.Content(Episodes) ] + !String.IsEmpty(VideoPlayer.DBID) + VideoPlayer.HasInfo + !Player.IsInternetStream + !Pvr.IsPlayingRecording</visible>
            </control>
            <control type="button" id="201">
                <width>82</width>
                <height>82</height>
                <label>31354</label>
                <font></font>
                <texturefocus colordiffuse="$VAR[ColorHighlightVar]">OSDRewindFO.png</texturefocus>
                <texturenofocus>OSDRewindNF.png</texturenofocus>
                <enable>Player.SeekEnabled</enable>
                <animation effect="fade" start="100" end="50" time="75" condition="!Player.SeekEnabled">Conditional</animation>
                <onclick>PlayerControl(Rewind)</onclick>
            </control>
            <control type="togglebutton" id="202">
                <width>82</width>
                <height>82</height>
                <label>31351</label>
                <altlabel>208</altlabel>
                <font></font>
                <texturefocus colordiffuse="$VAR[ColorHighlightVar]">OSDPauseFO.png</texturefocus>
                <texturenofocus>OSDPauseNF.png</texturenofocus>
                <usealttexture>Player.Paused | Player.Forwarding | Player.Rewinding</usealttexture>
                <alttexturefocus colordiffuse="$VAR[ColorHighlightVar]">OSDPlayFO.png</alttexturefocus>
                <alttexturenofocus>OSDPlayNF.png</alttexturenofocus>
                <onclick>PlayerControl(Play)</onclick>
                <enable>Player.PauseEnabled</enable>
                <animation effect="fade" start="100" end="50" time="75" condition="!Player.PauseEnabled">Conditional</animation>
            </control>
            <control type="button" id="203">
                <width>82</width>
                <height>82</height>
                <label>31352</label>
                <font></font>
                <texturefocus colordiffuse="$VAR[ColorHighlightVar]">OSDStopFO.png</texturefocus>
                <texturenofocus>OSDStopNF.png</texturenofocus>
                <onclick>PlayerControl(Stop)</onclick>
            </control>
            <control type="button" id="204">
                <width>82</width>
                <height>82</height>
                <label>31353</label>
                <font></font>
                <texturefocus colordiffuse="$VAR[ColorHighlightVar]">OSDForwardFO.png</texturefocus>
                <texturenofocus>OSDForwardNF.png</texturenofocus>
                <enable>Player.SeekEnabled</enable>
                <animation effect="fade" start="100" end="50" time="75" condition="!Player.SeekEnabled">Conditional</animation>
                <onclick>PlayerControl(Forward)</onclick>
            </control>
            <control type="image" id="208">
                <width>82</width>
                <texture></texture>
            </control>
            <control type="button" id="250">
                <width>82</width>
                <height>82</height>
                <label>31356</label>
                <font></font>
                <texturefocus colordiffuse="$VAR[ColorHighlightVar]">OSDSubtitlesFO.png</texturefocus>
                <texturenofocus>OSDSubtitlesNF.png</texturenofocus>
                <onup>404</onup>
                <ondown>1000</ondown>
            </control>
            <control type="button" id="251">
                <width>82</width>
                <height>82</height>
                <label>13395</label>
                <font></font>
                <texturefocus colordiffuse="$VAR[ColorHighlightVar]">OSDVideoFO.png</texturefocus>
                <texturenofocus>OSDVideoNF.png</texturenofocus>
                <onup>1000</onup>
                <ondown>1000</ondown>
                <onclick>ActivateWindow(OSDVideoSettings)</onclick>
            </control>
            <control type="togglebutton" id="252">
                <width>82</width>
                <height>82</height>
                <label>13396</label>
                <font></font>
                <texturefocus colordiffuse="$VAR[ColorHighlightVar]">OSDAudioFO.png</texturefocus>
                <texturenofocus>OSDAudioNF.png</texturenofocus>
                <usealttexture>system.getbool(audiooutput.dspaddonsenabled)</usealttexture>
                <alttexturefocus colordiffuse="$VAR[ColorHighlightVar]">OSDDSPAudioFO.png</alttexturefocus>
                <alttexturenofocus>OSDDSPAudioNF.png</alttexturenofocus>
                <onup>1000</onup>
                <ondown>1000</ondown>
                <onclick>ActivateWindow(OSDAudioSettings)</onclick>
            </control>
            <control type="button" id="253">
                <width>82</width>
                <height>82</height>
                <label>298</label>
                <font></font>
                <texturefocus colordiffuse="$VAR[ColorHighlightVar]">OSDBookmarksFO.png</texturefocus>
                <texturenofocus>OSDBookmarksNF.png</texturenofocus>
                <onup>1000</onup>
                <ondown>1000</ondown>
                <onclick>ActivateWindow(VideoBookmarks)</onclick>
                <visible>!VideoPlayer.Content(LiveTV)</visible>
            </control>
            <control type="button" id="254">
                <width>82</width>
                <height>82</height>
                <label>31355</label>
                <font></font>
                <texturefocus colordiffuse="$VAR[ColorHighlightVar]">OSDDvdFO.png</texturefocus>
                <texturenofocus>OSDDvdNF.png</texturenofocus>
                <onup>1000</onup>
                <ondown>1000</ondown>
                <onclick>PlayerControl(ShowVideoMenu)</onclick>
                <visible>!VideoPlayer.Content(LiveTV) + VideoPlayer.HasMenu</visible>
            </control>
        </control>
        <control type="button" id="410">
            <description>Fake button for mouse control</description>
            <right>218</right>
            <bottom>90</bottom>
            <width>384</width>
            <height>375</height>
            <label></label>
            <font></font>
            <texturenofocus></texturenofocus>
            <texturefocus></texturefocus>
            <animation effect="slide" start="0,0" end="82,0" time="0" condition="VideoPlayer.Content(LiveTV)">Conditional</animation>
            <visible>Control.HasFocus(410) | Control.HasFocus(250) | ControlGroup(400).HasFocus</visible>
        </control>
        <control type="grouplist" id="400">
            <depth>DepthOSD+</depth>
            <visible>![Window.IsVisible(SliderDialog) | Window.IsVisible(OSDVideoSettings) | Window.IsVisible(OSDAudioSettings) | Window.IsVisible(OSDAudioDSPSettings) | Window.IsVisible(VideoBookmarks)]</visible>
            <animation effect="fade" time="150">VisibleChange</animation>
            <animation effect="slide" start="0,0" end="-82,0" time="0" condition="![VideoPlayer.Content(Movies) | VideoPlayer.Content(Episodes)]">Conditional</animation>
            <animation effect="slide" start="0,0" end="0,120" time="0" condition="![VideoPlayer.HasSubtitles + VideoPlayer.SubtitlesEnabled]">Conditional</animation>
            <animation effect="slide" start="0,0" end="0,60" time="0" condition="!VideoPlayer.HasSubtitles">Conditional</animation>
            <animation effect="slide" start="0,0" end="82,0" time="0" condition="![VideoPlayer.HasMenu | VideoPlayer.Content(LiveTV)]">Conditional</animation>
            <animation effect="slide" start="0,0" end="82,0" time="0" condition="!VideoPlayer.HasMenu + VideoPlayer.Content(LiveTV)">Conditional</animation>
            <left>818</left>
            <top>592</top>
            <width>384</width>
            <height>390</height>
            <itemgap>0</itemgap>
            <onleft>400</onleft>
            <onright>400</onright>
            <onup>250</onup>
            <ondown>250</ondown>
            <orientation>vertical</orientation>
            <visible>Control.HasFocus(410) | Control.HasFocus(250) | ControlGroup(400).HasFocus</visible>
            <include>VisibleFadeEffect</include>
            <control type="group">
                <description>Header</description>
                <width>384</width>
                <height>60</height>
                <control type="image">
                    <description>Header</description>
                    <left>0</left>
                    <top>0</top>
                    <width>384</width>
                    <height>60</height>
                    <texture border="30,27,30,0">SubMenuBack-Header.png</texture>
                </control>
                <control type="label">
                    <left>45</left>
                    <top>30</top>
                    <width>294</width>
                    <height>22</height>
                    <font>font12</font>
                    <label>24012</label>
                    <textcolor>$VAR[ColorHighlightVar]</textcolor>
                    <align>center</align>
                    <aligny>center</aligny>
                </control>
            </control>
            <control type="togglebutton" id="401">
                <description>Download with Subtitles script</description>
                <height>60</height>
                <width>384</width>
                <font>font13</font>
                <label>33003</label>
                <textoffsetx>45</textoffsetx>
                <aligny>center</aligny>
                <texturefocus colordiffuse="$VAR[ColorHighlightVar]" border="6">SubMenuBack-MiddleFO.png</texturefocus>
                <texturenofocus border="38,8,38,8">SubMenuBack-MiddleNF.png</texturenofocus>
                <alttexturefocus colordiffuse="$VAR[ColorHighlightVar]" border="6">SubMenuBack-MiddleFO.png</alttexturefocus>
                <alttexturenofocus border="38,8,38,8">SubMenuBack-MiddleNF.png</alttexturenofocus>
                <onclick>Close</onclick>
                <onclick>Dialog.Close(VideoOSD)</onclick>
                <onclick>ActivateWindow(SubtitleSearch)</onclick>
                <enable>!VideoPlayer.Content(LiveTV)</enable>
            </control>
            <control type="button" id="402">
                <height>60</height>
                <width>384</width>
                <aligny>center</aligny>
                <font>font13</font>
                <textoffsetx>45</textoffsetx>
                <texturefocus colordiffuse="$VAR[ColorHighlightVar]" border="6">SubMenuBack-MiddleFO.png</texturefocus>
                <texturenofocus border="38,8,38,8">SubMenuBack-MiddleNF.png</texturenofocus>
                <pulseonselect>false</pulseonselect>
                <label>22006</label>
                <onclick>SubtitleDelay</onclick>
                <visible>VideoPlayer.HasSubtitles + VideoPlayer.SubtitlesEnabled</visible>
            </control>
            <control type="button" id="403">
                <height>60</height>
                <width>384</width>
                <aligny>center</aligny>
                <font>font13</font>
                <textoffsetx>45</textoffsetx>
                <texturefocus colordiffuse="$VAR[ColorHighlightVar]" border="6">SubMenuBack-MiddleFO.png</texturefocus>
                <texturenofocus border="38,8,38,8">SubMenuBack-MiddleNF.png</texturenofocus>
                <pulseonselect>false</pulseonselect>
                <label>209</label>
                <onclick>CycleSubtitle</onclick>
                <visible>VideoPlayer.HasSubtitles + VideoPlayer.SubtitlesEnabled</visible>
            </control>
            <control type="radiobutton" id="404">
                <height>60</height>
                <width>384</width>
                <textoffsetx>45</textoffsetx>
                <aligny>center</aligny>
                <font>font13</font>
                <label>449</label>
                <radioposx>300</radioposx>
                <texturefocus colordiffuse="$VAR[ColorHighlightVar]" border="6">SubMenuBack-MiddleFO.png</texturefocus>
                <texturenofocus border="38,8,38,8">SubMenuBack-MiddleNF.png</texturenofocus>
                <onclick>ShowSubtitles</onclick>
                <selected>VideoPlayer.SubtitlesEnabled</selected>
                <visible>VideoPlayer.HasSubtitles</visible>
                <pulseonselect>false</pulseonselect>
            </control>
            <control type="image" id="440">
                <description>Footer</description>
                <width>384</width>
                <height>78</height>
                <texture border="30,0,30,75">SubMenuBack-Footer.png</texture>
            </control>
        </control>
        <control type="button" id="520">
            <description>Fake button for mouse control</description>
            <right>300</right>
            <bottom>90</bottom>
            <width>384</width>
            <height>315</height>
            <label></label>
            <font></font>
            <texturenofocus></texturenofocus>
            <texturefocus></texturefocus>
            <animation effect="slide" start="0,0" end="82,0" time="0" condition="VideoPlayer.Content(LiveTV)">Conditional</animation>
            <visible>Control.HasFocus(520) | Control.HasFocus(255) | ControlGroup(500).HasFocus</visible>
        </control>
    </controls>
</window>
