<?xml version="1.0" encoding="UTF-8"?>
<includes>
    <include name="MusicInfoListView">
        <control type="group">
            <visible>Control.IsVisible(506)</visible>
            <include>Animation.Common</include>
            <include>BehindDialogFadeOut</include>
            <include content="NoFloorSlide">
                <param name="contentslide">60</param>
            </include>
            <control type="list" id="506">
                <left>82</left>
                <top>112</top>
                <width>1245</width>
                <height>782</height>
                <onleft>2</onleft>
                <onright>60</onright>
                <onup>506</onup>
                <ondown>506</ondown>
                <viewtype label="$LOCALIZE[544]">list</viewtype>
                <pagecontrol>60</pagecontrol>
                <scrolltime>200</scrolltime>
                <visible>Container.Content(Files) | Window.IsVisible(MusicPlaylist) |  Container.Content(Songs) | Container.Content(Albums)</visible>
                <itemlayout height="60" width="1245">
                    <control type="label">
                        <left>15</left>
                        <top>0</top>
                        <width>1095</width>
                        <height>60</height>
                        <font>font13</font>
                        <textcolor>white</textcolor>
                        <selectedcolor>selected</selectedcolor>
                        <align>left</align>
                        <aligny>center</aligny>
                        <label>$INFO[ListItem.Label]</label>
                    </control>
                    <control type="label">
                        <left>90</left>
                        <top>0</top>
                        <width>1050</width>
                        <height>60</height>
                        <font>font12</font>
                        <textcolor>white</textcolor>
                        <selectedcolor>selected</selectedcolor>
                        <align>right</align>
                        <aligny>center</aligny>
                        <label>$INFO[ListItem.Label2]</label>
                    </control>
                </itemlayout>
                <focusedlayout height="60" width="1245">
                    <control type="group">
                        <left>0</left>
                        <top>0</top>
                        <include content="SelectedSolidVar" condition="!Skin.HasSetting(UseOutline)">
                            <param name="width">1208</param>
                            <param name="height">62</param>
                        </include>
                        <include content="SelectedOutlineVar" condition="Skin.HasSetting(UseOutline)">
                            <param name="width">1208</param>
                            <param name="height">62</param>
                        </include>
                        <include content="UnselectFade">
                            <param name="id">506</param>
                        </include>
                    </control>
                    <control type="image">
                        <left>870</left>
                        <top>8</top>
                        <width>300</width>
                        <height>46</height>
                        <texture border="0,0,21,0">MediaItemDetailBG.png</texture>
                        <visible>Control.HasFocus(506) + !String.IsEmpty(ListItem.Label2)</visible>
                    </control>
                    <control type="label">
                        <left>15</left>
                        <top>0</top>
                        <width>1095</width>
                        <height>60</height>
                        <font>font13</font>
                        <textcolor>white</textcolor>
                        <selectedcolor>selected</selectedcolor>
                        <align>left</align>
                        <aligny>center</aligny>
                        <label>$INFO[ListItem.Label]</label>
                    </control>
                    <control type="label">
                        <left>90</left>
                        <top>0</top>
                        <width>1050</width>
                        <height>60</height>
                        <font>font12</font>
                        <textcolor>white</textcolor>
                        <selectedcolor>selected</selectedcolor>
                        <align>right</align>
                        <aligny>center</aligny>
                        <label>$INFO[ListItem.Label2]</label>
                    </control>
                </focusedlayout>
            </control>
            <control type="scrollbar" id="60">
                <include content="ScrollBarPosition">
                    <param name="scrollbarslide">585</param>
                </include>
                <left>1275</left>
                <top>88</top>
                <width>30</width>
                <height>843</height>
                <texturesliderbackground border="15">scrollbars/scrollbaruni-bg.png</texturesliderbackground>
                <texturesliderbar border="15">scrollbars/scrollbaruni-bar.png</texturesliderbar>
                <texturesliderbarfocus colordiffuse="$VAR[ColorHighlightVar]" border="15">scrollbars/scrollbaruni-bar-focus.png</texturesliderbarfocus>
                <textureslidernib>scrollbars/scrollbaruni-nib.png</textureslidernib>
                <textureslidernibfocus>scrollbars/scrollbaruni-nib.png</textureslidernibfocus>
                <onleft>506</onleft>
                <onright>2</onright>
                <showonepage>false</showonepage>
                <orientation>vertical</orientation>
                <visible>Control.IsVisible(506)</visible>
            </control>
            <control type="group">
                <visible>Control.IsVisible(506)</visible>
                <left>1365</left>
                <top>120</top>
                <control type="image">
                    <left>15</left>
                    <top>0</top>
                    <width>435</width>
                    <height>435</height>
                    <aspectratio aligny="bottom">keep</aspectratio>
                    <fadetime>IconCrossfadeTime</fadetime>
                    <texture background="true">$INFO[ListItem.Icon]</texture>
                    <bordertexture border="12">ThumbShadow.png</bordertexture>
                    <bordersize>12</bordersize>
                </control>
                <control type="label">
                    <left>15</left>
                    <top>450</top>
                    <width>435</width>
                    <height>38</height>
                    <label>$INFO[ListItem.Artist]</label>
                    <scroll>true</scroll>
                    <align>center</align>
                    <aligny>center</aligny>
                    <font>font24_title</font>
                    <textcolor>white</textcolor>
                    <shadowcolor>black</shadowcolor>
                </control>
                <control type="label">
                    <left>15</left>
                    <top>540</top>
                    <width>435</width>
                    <height>38</height>
                    <label>$INFO[ListItem.Album]</label>
                    <wrapmultiline>true</wrapmultiline>
                    <align>center</align>
                    <aligny>center</aligny>
                    <font>font13</font>
                    <textcolor>grey2</textcolor>
                    <shadowcolor>black</shadowcolor>
                </control>
                <control type="label">
                    <left>15</left>
                    <top>630</top>
                    <width>435</width>
                    <height>38</height>
                    <label>$INFO[ListItem.Title]</label>
                    <scroll>true</scroll>
                    <align>center</align>
                    <aligny>top</aligny>
                    <font>font13_title</font>
                    <textcolor>white</textcolor>
                    <shadowcolor>black</shadowcolor>
                    <wrapmultiline>true</wrapmultiline>
                    <visible>!Container.Content(Albums)</visible>
                </control>
                <control type="label">
                    <left>15</left>
                    <top>630</top>
                    <width>435</width>
                    <height>38</height>
                    <label>$INFO[ListItem.Genre]</label>
                    <scroll>true</scroll>
                    <align>center</align>
                    <aligny>top</aligny>
                    <font>font13_title</font>
                    <textcolor>white</textcolor>
                    <shadowcolor>black</shadowcolor>
                    <wrapmultiline>true</wrapmultiline>
                    <visible>Container.Content(Albums)</visible>
                </control>
                <control type="label">
                    <description>Trackno txt</description>
                    <left>15</left>
                    <top>720</top>
                    <width>435</width>
                    <height>38</height>
                    <label>[COLOR=$VAR[ColorHighlightVar]]$LOCALIZE[31310]: [/COLOR]$INFO[listitem.TrackNumber]</label>
                    <align>center</align>
                    <aligny>center</aligny>
                    <font>font13</font>
                    <textcolor>white</textcolor>
                    <visible>!Container.Content(Albums)</visible>
                </control>
                <control type="label">
                    <description>Year txt</description>
                    <left>15</left>
                    <top>758</top>
                    <width>435</width>
                    <height>38</height>
                    <label>[COLOR=$VAR[ColorHighlightVar]]$LOCALIZE[345]: [/COLOR]$INFO[listitem.Year]</label>
                    <align>center</align>
                    <aligny>center</aligny>
                    <font>font13</font>
                    <textcolor>white</textcolor>
                </control>
                <control type="label">
                    <description>Rating txt</description>
                    <left>15</left>
                    <top>795</top>
                    <width>435</width>
                    <height>38</height>
                    <label>$INFO[ListItem.Rating,[COLOR=$VAR[ColorHighlightVar]]$LOCALIZE[563]: [/COLOR]]</label>
                    <align>center</align>
                    <aligny>center</aligny>
                    <font>font13</font>
                    <textcolor>white</textcolor>
                    <visible>Container.Content(Albums)</visible>
                </control>
                <control type="label">
                    <description>UserRating txt</description>
                    <left>15</left>
                    <top>795</top>
                    <width>435</width>
                    <height>38</height>
                    <label>$INFO[ListItem.UserRating,[COLOR=$VAR[ColorHighlightVar]]$LOCALIZE[38018]: [/COLOR]]</label>
                    <align>center</align>
                    <aligny>center</aligny>
                    <font>font13</font>
                    <textcolor>white</textcolor>
                    <visible>Container.Content(Songs)</visible>
                </control>
            </control>
        </control>
    </include>
    <include name="ArtistMediaListView">
        <control type="group">
            <visible>Control.IsVisible(512)</visible>
            <include>Animation.Common</include>
            <include content="NoFloorSlide">
                <param name="contentslide">60</param>
            </include>
            <control type="list" id="512">
                <left>82</left>
                <top>117</top>
                <width>930</width>
                <height>782</height>
                <onleft>2</onleft>
                <onright>60</onright>
                <onup>512</onup>
                <ondown>512</ondown>
                <viewtype label="$LOCALIZE[544]">list</viewtype>
                <pagecontrol>60</pagecontrol>
                <scrolltime>200</scrolltime>
                <visible>Container.Content(Artists)</visible>
                <itemlayout height="60" width="870">
                    <control type="label">
                        <left>38</left>
                        <top>0</top>
                        <width>840</width>
                        <height>60</height>
                        <font>font13</font>
                        <textcolor>grey2</textcolor>
                        <selectedcolor>selected</selectedcolor>
                        <align>left</align>
                        <aligny>center</aligny>
                        <label>$INFO[ListItem.Label]</label>
                    </control>
                </itemlayout>
                <focusedlayout height="60" width="930">
                    <control type="group">
                        <left>0</left>
                        <top>0</top>
                        <include content="SelectedSolidVar" condition="!Skin.HasSetting(UseOutline)">
                            <param name="width">930</param>
                            <param name="height">62</param>
                        </include>
                        <include content="SelectedOutlineVar" condition="Skin.HasSetting(UseOutline)">
                            <param name="width">930</param>
                            <param name="height">62</param>
                        </include>
                        <include content="UnselectFade">
                            <param name="id">512</param>
                        </include>
                    </control>
                    <control type="label">
                        <left>38</left>
                        <top>0</top>
                        <width>840</width>
                        <height>60</height>
                        <font>font13</font>
                        <textcolor>white</textcolor>
                        <selectedcolor>selected</selectedcolor>
                        <align>left</align>
                        <aligny>center</aligny>
                        <label>$INFO[ListItem.Label]</label>
                    </control>
                </focusedlayout>
            </control>
            <control type="scrollbar" id="60">
                <include content="ScrollBarPosition">
                    <param name="scrollbarslide">870</param>
                </include>
                <left>994</left>
                <top>88</top>
                <width>30</width>
                <height>844</height>
                <texturesliderbackground border="15">scrollbars/scrollbaruni-bg.png</texturesliderbackground>
                <texturesliderbar border="15">scrollbars/scrollbaruni-bar.png</texturesliderbar>
                <texturesliderbarfocus colordiffuse="$VAR[ColorHighlightVar]" border="15">scrollbars/scrollbaruni-bar-focus.png</texturesliderbarfocus>
                <textureslidernib>scrollbars/scrollbaruni-nib.png</textureslidernib>
                <textureslidernibfocus>scrollbars/scrollbaruni-nib.png</textureslidernibfocus>
                <onleft>512</onleft>
                <onright>2</onright>
                <showonepage>false</showonepage>
                <orientation>vertical</orientation>
                <visible>Control.IsVisible(512)</visible>
            </control>
            <control type="group">
                <left>1065</left>
                <top>105</top>
                <control type="image">
                    <left>0</left>
                    <top>0</top>
                    <width>765</width>
                    <height>450</height>
                    <aspectratio>keep</aspectratio>
                    <fadetime>IconCrossfadeTime</fadetime>
                    <texture background="true">$INFO[ListItem.Icon]</texture>
                    <bordertexture border="12">ThumbShadow.png</bordertexture>
                    <bordersize>12</bordersize>
                </control>
                <control type="group">
                    <top>465</top>
                    <control type="label">
                        <description>Born txt</description>
                        <left>0</left>
                        <top>0</top>
                        <width>210</width>
                        <height>38</height>
                        <label>$LOCALIZE[21893]:</label>
                        <align>right</align>
                        <aligny>center</aligny>
                        <font>font13_title</font>
                        <textcolor>$VAR[ColorHighlightVar]</textcolor>
                        <visible>!String.IsEmpty(ListItem.Property(Artist_Born))</visible>
                    </control>
                    <control type="label">
                        <description>Born Value</description>
                        <left>225</left>
                        <top>0</top>
                        <width>525</width>
                        <height>38</height>
                        <label>$INFO[ListItem.Property(Artist_Born)]</label>
                        <align>left</align>
                        <aligny>center</aligny>
                        <font>font13</font>
                        <scroll>true</scroll>
                        <visible>!String.IsEmpty(ListItem.Property(Artist_Born))</visible>
                    </control>
                    <control type="label">
                        <description>Formed txt</description>
                        <left>0</left>
                        <top>0</top>
                        <width>210</width>
                        <height>38</height>
                        <label>$LOCALIZE[21894]:</label>
                        <align>right</align>
                        <aligny>center</aligny>
                        <font>font13_title</font>
                        <textcolor>$VAR[ColorHighlightVar]</textcolor>
                        <visible>!String.IsEmpty(ListItem.Property(Artist_Formed))</visible>
                    </control>
                    <control type="label">
                        <description>Formed Value</description>
                        <left>225</left>
                        <top>0</top>
                        <width>525</width>
                        <height>38</height>
                        <label>$INFO[ListItem.Property(Artist_Formed)]</label>
                        <align>left</align>
                        <aligny>center</aligny>
                        <font>font13</font>
                        <scroll>true</scroll>
                        <visible>!String.IsEmpty(ListItem.Property(Artist_Formed))</visible>
                    </control>
                    <control type="label">
                        <description>Genre txt</description>
                        <left>0</left>
                        <top>45</top>
                        <width>210</width>
                        <height>38</height>
                        <label>$LOCALIZE[515]:</label>
                        <align>right</align>
                        <aligny>center</aligny>
                        <font>font13_title</font>
                        <textcolor>$VAR[ColorHighlightVar]</textcolor>
                    </control>
                    <control type="label">
                        <description>Genre Value</description>
                        <left>225</left>
                        <top>45</top>
                        <width>525</width>
                        <height>38</height>
                        <label fallback="416">$INFO[ListItem.Property(Artist_Genre)]</label>
                        <align>left</align>
                        <aligny>center</aligny>
                        <font>font13</font>
                        <scroll>true</scroll>
                    </control>
                    <control type="image">
                        <left>0</left>
                        <top>90</top>
                        <width>765</width>
                        <height>6</height>
                        <texture>separator.png</texture>
                    </control>
                    <control type="textbox">
                        <description>Description Value for Artist</description>
                        <left>15</left>
                        <top>108</top>
                        <width>735</width>
                        <height>210</height>
                        <font>font13</font>
                        <align>justify</align>
                        <textcolor>white</textcolor>
                        <label>$INFO[ListItem.Property(Artist_Description)]</label>
                        <autoscroll time="2000" delay="3000" repeat="5000">Skin.HasSetting(AutoScroll)</autoscroll>
                    </control>
                </control>
            </control>
        </control>
    </include>
    <include name="AlbumInfoListView">
        <control type="group">
            <visible>Control.IsVisible(513)</visible>
            <include>Animation.Common</include>
            <include content="NoFloorSlide">
                <param name="contentslide">60</param>
            </include>
            <control type="list" id="513">
                <left>82</left>
                <top>112</top>
                <width>1215</width>
                <height>842</height>
                <onleft>2</onleft>
                <onright>51360</onright>
                <onup>513</onup>
                <ondown>513</ondown>
                <viewtype label="$LOCALIZE[10523]">list</viewtype>
                <pagecontrol>51360</pagecontrol>
                <scrolltime>200</scrolltime>
                <visible>Container.Content(Albums)</visible>
                <itemlayout height="60" width="1215">
                    <control type="label">
                        <left>38</left>
                        <top>0</top>
                        <width>1095</width>
                        <height>60</height>
                        <font>font13</font>
                        <textcolor>grey2</textcolor>
                        <selectedcolor>selected</selectedcolor>
                        <align>left</align>
                        <aligny>center</aligny>
                        <label>$INFO[ListItem.Label]</label>
                    </control>
                    <control type="label">
                        <left>112</left>
                        <top>0</top>
                        <width>1050</width>
                        <height>60</height>
                        <font>font12</font>
                        <textcolor>grey2</textcolor>
                        <selectedcolor>selected</selectedcolor>
                        <align>right</align>
                        <aligny>center</aligny>
                        <label>$INFO[ListItem.Label2]</label>
                    </control>
                </itemlayout>
                <focusedlayout height="60" width="1215">
                    <control type="group">
                        <left>0</left>
                        <top>0</top>
                        <include content="SelectedSolidVar" condition="!Skin.HasSetting(UseOutline)">
                            <param name="width">1215</param>
                            <param name="height">62</param>
                        </include>
                        <include content="SelectedOutlineVar" condition="Skin.HasSetting(UseOutline)">
                            <param name="width">1215</param>
                            <param name="height">62</param>
                        </include>
                        <include content="UnselectFade">
                            <param name="id">513</param>
                        </include>
                    </control>
                    <control type="image">
                        <left>892</left>
                        <top>8</top>
                        <width>300</width>
                        <height>46</height>
                        <texture border="0,0,21,0">MediaItemDetailBG.png</texture>
                        <visible>Control.HasFocus(513) + !String.IsEmpty(ListItem.Label2)</visible>
                    </control>
                    <control type="label">
                        <left>38</left>
                        <top>0</top>
                        <width>1095</width>
                        <height>60</height>
                        <font>font13</font>
                        <textcolor>white</textcolor>
                        <selectedcolor>selected</selectedcolor>
                        <align>left</align>
                        <aligny>center</aligny>
                        <label>$INFO[ListItem.Label]</label>
                    </control>
                    <control type="label">
                        <left>112</left>
                        <top>0</top>
                        <width>1050</width>
                        <height>60</height>
                        <font>font12</font>
                        <textcolor>grey2</textcolor>
                        <selectedcolor>selected</selectedcolor>
                        <align>right</align>
                        <aligny>center</aligny>
                        <label>$INFO[ListItem.Label2]</label>
                    </control>
                </focusedlayout>
            </control>
            <control type="scrollbar" id="51360">
                <include content="ScrollBarPosition">
                    <param name="scrollbarslide">585</param>
                </include>
                <left>1280</left>
                <top>88</top>
                <width>30</width>
                <height>844</height>
                <texturesliderbackground border="15">scrollbars/scrollbaruni-bg.png</texturesliderbackground>
                <texturesliderbar border="15">scrollbars/scrollbaruni-bar.png</texturesliderbar>
                <texturesliderbarfocus colordiffuse="$VAR[ColorHighlightVar]" border="15">scrollbars/scrollbaruni-bar-focus.png</texturesliderbarfocus>
                <textureslidernib>scrollbars/scrollbaruni-nib.png</textureslidernib>
                <textureslidernibfocus>scrollbars/scrollbaruni-nib.png</textureslidernibfocus>
                <onleft>513</onleft>
                <onright>2</onright>
                <showonepage>false</showonepage>
                <orientation>vertical</orientation>
                <visible>Control.IsVisible(513)</visible>
            </control>
            <control type="group">
                <left>1365</left>
                <top>105</top>
                <control type="image">
                    <left>15</left>
                    <top>0</top>
                    <width>435</width>
                    <height>360</height>
                    <aspectratio aligny="bottom">keep</aspectratio>
                    <fadetime>IconCrossfadeTime</fadetime>
                    <texture background="true">$INFO[ListItem.Icon]</texture>
                    <bordertexture border="12">ThumbShadow.png</bordertexture>
                    <bordersize>12</bordersize>
                </control>
                <control type="label">
                    <description>Description Header txt</description>
                    <left>15</left>
                    <top>360</top>
                    <width>435</width>
                    <height>38</height>
                    <label>21821</label>
                    <align>center</align>
                    <aligny>center</aligny>
                    <font>font12_title</font>
                    <textcolor>$VAR[ColorHighlightVar]</textcolor>
                    <shadowcolor>black</shadowcolor>
                </control>
                <control type="textbox">
                    <description>Description Value for Album</description>
                    <left>15</left>
                    <top>408</top>
                    <width>435</width>
                    <height>447</height>
                    <font>font13</font>
                    <align>justify</align>
                    <pagecontrol></pagecontrol>
                    <textcolor>white</textcolor>
                    <label>$INFO[ListItem.Property(Album_Description)]</label>
                    <autoscroll time="2000" delay="3000" repeat="5000">Skin.HasSetting(AutoScroll)</autoscroll>
                </control>
            </control>
        </control>
    </include>
    <include name="ArtistandAlbumInfoView">
        <control type="group">
            <visible>Control.IsVisible(516)</visible>
            <include>Animation.Common</include>
            <include content="NoFloorSlide">
                <param name="contentslide">60</param>
            </include>
            <control type="list" id="516">
                <left>112</left>
                <top>90</top>
                <width>930</width>
                <height>812</height>
                <onleft>51560</onleft>
                <onright>5150</onright>
                <onup>516</onup>
                <ondown>516</ondown>
                <viewtype label="Artist and Album">list</viewtype>
                <pagecontrol>51560</pagecontrol>
                <scrolltime>200</scrolltime>
                <visible>Container.Content(artists)</visible>
                <itemlayout height="135" width="900">
                    <control type="image">
                        <left>27</left>
                        <top>4</top>
                        <width>128</width>
                        <height>128</height>
                        <aspectratio aligny="center">keep</aspectratio>
                        <texture background="true">$VAR[PosterThumb]</texture>
                    </control>
                    <control type="label">
                        <left>165</left>
                        <top>15</top>
                        <width>728</width>
                        <height>60</height>
                        <font>font28_title</font>
                        <textcolor>grey2</textcolor>
                        <selectedcolor>selected</selectedcolor>
                        <align>left</align>
                        <aligny>center</aligny>
                        <label>$INFO[ListItem.Label]</label>
                    </control>
                    <control type="label">
                        <left>165</left>
                        <top>60</top>
                        <width>728</width>
                        <height>60</height>
                        <font>font12</font>
                        <textcolor>grey3</textcolor>
                        <align>left</align>
                        <aligny>center</aligny>
                        <label>$INFO[ListItem.Genre]</label>
                    </control>
                </itemlayout>
                <focusedlayout height="135" width="915">
                    <control type="group">
                        <left>0</left>
                        <top>0</top>
                        <include content="SelectedSolidVar" condition="!Skin.HasSetting(UseOutline)">
                            <param name="width">915</param>
                            <param name="height">136</param>
                        </include>
                        <include content="SelectedOutlineVar" condition="Skin.HasSetting(UseOutline)">
                            <param name="width">915</param>
                            <param name="height">136</param>
                        </include>
                        <include content="UnselectFade">
                            <param name="id">516</param>
                        </include>
                    </control>
                    <control type="image">
                        <left>27</left>
                        <top>4</top>
                        <width>128</width>
                        <height>128</height>
                        <aspectratio aligny="center">keep</aspectratio>
                        <texture background="true">$VAR[PosterThumb]</texture>
                    </control>
                    <control type="label">
                        <left>165</left>
                        <top>15</top>
                        <width>750</width>
                        <height>60</height>
                        <font>font28_title</font>
                        <textcolor>white</textcolor>
                        <selectedcolor>selected</selectedcolor>
                        <align>left</align>
                        <aligny>center</aligny>
                        <label>$INFO[ListItem.Label]</label>
                    </control>
                    <control type="label">
                        <left>165</left>
                        <top>60</top>
                        <width>750</width>
                        <height>60</height>
                        <font>font12</font>
                        <textcolor>grey</textcolor>
                        <selectedcolor>selected</selectedcolor>
                        <align>left</align>
                        <aligny>center</aligny>
                        <label>$INFO[ListItem.Genre]</label>
                    </control>
                </focusedlayout>
            </control>
            <control type="scrollbar" id="51560">
                <include content="ScrollBarPosition">
                    <param name="scrollbarslide">-23</param>
                </include>
                <left>86</left>
                <top>66</top>
                <width>30</width>
                <height>860</height>
                <texturesliderbackground border="15">scrollbars/scrollbaruni-bg.png</texturesliderbackground>
                <texturesliderbar border="15">scrollbars/scrollbaruni-bar.png</texturesliderbar>
                <texturesliderbarfocus colordiffuse="$VAR[ColorHighlightVar]" border="15">scrollbars/scrollbaruni-bar-focus.png</texturesliderbarfocus>
                <textureslidernib>scrollbars/scrollbaruni-nib.png</textureslidernib>
                <textureslidernibfocus>scrollbars/scrollbaruni-nib.png</textureslidernibfocus>
                <onleft>2</onleft>
                <onright>516</onright>
                <showonepage>false</showonepage>
                <orientation>vertical</orientation>
                <visible>Control.IsVisible(516)</visible>
            </control>
            <control type="group">
                <visible>Control.IsVisible(516)</visible>
                <control type="list" id="5150">
                    <left>1042</left>
                    <top>90</top>
                    <width>795</width>
                    <height>812</height>
                    <onleft>516</onleft>
                    <onright>515060</onright>
                    <onup>5150</onup>
                    <ondown>5150</ondown>
                    <pagecontrol>515060</pagecontrol>
                    <scrolltime>200</scrolltime>
                    <visible>Container.Content(artists)</visible>
                    <itemlayout height="135" width="795">
                        <control type="image">
                            <left>27</left>
                            <top>4</top>
                            <width>128</width>
                            <height>128</height>
                            <aspectratio aligny="center">keep</aspectratio>
                            <texture background="true">$VAR[PosterThumb]</texture>
                        </control>
                        <control type="label">
                            <left>165</left>
                            <top>15</top>
                            <width>600</width>
                            <height>60</height>
                            <font>font13_title</font>
                            <textcolor>grey</textcolor>
                            <selectedcolor>selected</selectedcolor>
                            <align>left</align>
                            <aligny>center</aligny>
                            <label>$INFO[ListItem.Label]</label>
                        </control>
                        <control type="label">
                            <left>165</left>
                            <top>45</top>
                            <width>600</width>
                            <height>60</height>
                            <font>font12</font>
                            <textcolor>grey2</textcolor>
                            <align>left</align>
                            <aligny>center</aligny>
                            <label>$INFO[ListItem.Genre]</label>
                        </control>
                        <control type="label">
                            <left>165</left>
                            <top>68</top>
                            <width>600</width>
                            <height>60</height>
                            <font>font12</font>
                            <textcolor>grey2</textcolor>
                            <align>left</align>
                            <aligny>center</aligny>
                            <label>$INFO[ListItem.Year]</label>
                        </control>
                    </itemlayout>
                    <focusedlayout height="135" width="920">
                        <control type="group">
                            <left>0</left>
                            <top>0</top>
                            <include content="SelectedSolidVar" condition="!Skin.HasSetting(UseOutline)">
                                <param name="width">795</param>
                                <param name="height">136</param>
                            </include>
                            <include content="SelectedOutlineVar" condition="Skin.HasSetting(UseOutline)">
                                <param name="width">795</param>
                                <param name="height">136</param>
                            </include>
                            <include content="UnselectFade">
                                <param name="id">5150</param>
                            </include>
                        </control>
                        <control type="image">
                            <left>27</left>
                            <top>4</top>
                            <width>128</width>
                            <height>128</height>
                            <aspectratio aligny="center">keep</aspectratio>
                            <texture background="true">$VAR[PosterThumb]</texture>
                        </control>
                        <control type="label">
                            <left>165</left>
                            <top>15</top>
                            <width>600</width>
                            <height>60</height>
                            <font>font13_title</font>
                            <textcolor>white</textcolor>
                            <selectedcolor>selected</selectedcolor>
                            <align>left</align>
                            <aligny>center</aligny>
                            <label>$INFO[ListItem.Label]</label>
                        </control>
                        <control type="label">
                            <left>165</left>
                            <top>45</top>
                            <width>600</width>
                            <height>60</height>
                            <font>font12</font>
                            <textcolor>grey</textcolor>
                            <selectedcolor>selected</selectedcolor>
                            <align>left</align>
                            <aligny>center</aligny>
                            <label>$INFO[ListItem.Genre]</label>
                        </control>
                        <control type="label">
                            <left>165</left>
                            <top>68</top>
                            <width>600</width>
                            <height>60</height>
                            <font>font12</font>
                            <textcolor>grey</textcolor>
                            <selectedcolor>selected</selectedcolor>
                            <align>left</align>
                            <aligny>center</aligny>
                            <label>$INFO[ListItem.Year]</label>
                        </control>
                    </focusedlayout>
                    <content target="music" sortby="year" sortorder="ascending">$INFO[Container(516).ListItem.DBID,musicdb://artists/]</content>
                </control>
            </control>
            <control type="scrollbar" id="515060">
                <include content="ScrollBarPosition">
                    <param name="scrollbarslide">23</param>
                </include>
                <left>1827</left>
                <top>66</top>
                <width>30</width>
                <height>860</height>
                <texturesliderbackground border="15">scrollbars/scrollbaruni-bg.png</texturesliderbackground>
                <texturesliderbar border="15">scrollbars/scrollbaruni-bar.png</texturesliderbar>
                <texturesliderbarfocus colordiffuse="$VAR[ColorHighlightVar]" border="15">scrollbars/scrollbaruni-bar-focus.png</texturesliderbarfocus>
                <textureslidernib>scrollbars/scrollbaruni-nib.png</textureslidernib>
                <textureslidernibfocus>scrollbars/scrollbaruni-nib.png</textureslidernibfocus>
                <onleft>5150</onleft>
                <onright>5150</onright>
                <showonepage>false</showonepage>
                <orientation>vertical</orientation>
                <visible>Control.IsVisible(5150)</visible>
            </control>
        </control>
    </include>
    <include name="AlbumAndSongInfoView">
        <control type="group">
            <visible>Control.IsVisible(515)</visible>
            <include>Animation.Common</include>
            <include content="NoFloorSlide">
                <param name="contentslide">60</param>
            </include>
            <control type="list" id="515">
                <left>112</left>
                <top>90</top>
                <width>930</width>
                <height>812</height>
                <onleft>51460</onleft>
                <onright>5140</onright>
                <onup>515</onup>
                <ondown>515</ondown>
                <viewtype label="Album and Song">list</viewtype>
                <pagecontrol>51460</pagecontrol>
                <scrolltime>200</scrolltime>
                <visible>Container.Content(Albums)</visible>
                <itemlayout height="135" width="900">
                    <control type="image">
                        <left>27</left>
                        <top>4</top>
                        <width>128</width>
                        <height>128</height>
                        <aspectratio aligny="center">keep</aspectratio>
                        <texture background="true">$VAR[PosterThumb]</texture>
                    </control>
                    <control type="label">
                        <left>165</left>
                        <top>0</top>
                        <width>728</width>
                        <height>60</height>
                        <font>font28_title</font>
                        <textcolor>grey2</textcolor>
                        <selectedcolor>selected</selectedcolor>
                        <align>left</align>
                        <aligny>center</aligny>
                        <label>$INFO[ListItem.Label]</label>
                    </control>
                    <control type="label">
                        <left>165</left>
                        <top>45</top>
                        <width>728</width>
                        <height>60</height>
                        <font>font12</font>
                        <textcolor>grey3</textcolor>
                        <align>left</align>
                        <aligny>center</aligny>
                        <label>$INFO[ListItem.Label2]</label>
                    </control>
                    <control type="label">
                        <left>165</left>
                        <top>75</top>
                        <width>728</width>
                        <height>60</height>
                        <font>font12</font>
                        <textcolor>grey3</textcolor>
                        <selectedcolor>selected</selectedcolor>
                        <align>left</align>
                        <aligny>center</aligny>
                        <label>$INFO[ListItem.Year]</label>
                    </control>
                </itemlayout>
                <focusedlayout height="135" width="915">
                    <control type="group">
                        <left>0</left>
                        <top>0</top>
                        <include content="SelectedSolidVar" condition="!Skin.HasSetting(UseOutline)">
                            <param name="width">915</param>
                            <param name="height">136</param>
                        </include>
                        <include content="SelectedOutlineVar" condition="Skin.HasSetting(UseOutline)">
                            <param name="width">915</param>
                            <param name="height">136</param>
                        </include>
                        <include content="UnselectFade">
                            <param name="id">515</param>
                        </include>
                    </control>
                    <control type="image">
                        <left>27</left>
                        <top>4</top>
                        <width>128</width>
                        <height>128</height>
                        <aspectratio aligny="center">keep</aspectratio>
                        <texture background="true">$VAR[PosterThumb]</texture>
                    </control>
                    <control type="label">
                        <left>165</left>
                        <top>0</top>
                        <width>728</width>
                        <height>60</height>
                        <font>font28_title</font>
                        <textcolor>white</textcolor>
                        <selectedcolor>selected</selectedcolor>
                        <align>left</align>
                        <aligny>center</aligny>
                        <label>$INFO[ListItem.Label]</label>
                    </control>
                    <control type="label">
                        <left>165</left>
                        <top>45</top>
                        <width>750</width>
                        <height>60</height>
                        <font>font12</font>
                        <textcolor>white</textcolor>
                        <selectedcolor>selected</selectedcolor>
                        <align>left</align>
                        <aligny>center</aligny>
                        <label>$INFO[ListItem.Label2]</label>
                    </control>
                    <control type="label">
                        <left>165</left>
                        <top>75</top>
                        <width>750</width>
                        <height>60</height>
                        <font>font12</font>
                        <textcolor>white</textcolor>
                        <selectedcolor>selected</selectedcolor>
                        <align>left</align>
                        <aligny>center</aligny>
                        <label>$INFO[ListItem.Year]</label>
                    </control>
                </focusedlayout>
            </control>
            <control type="scrollbar" id="51460">
                <include content="ScrollBarPosition">
                    <param name="scrollbarslide">-23</param>
                </include>
                <left>86</left>
                <top>66</top>
                <width>30</width>
                <height>860</height>
                <texturesliderbackground border="15">scrollbars/scrollbaruni-bg.png</texturesliderbackground>
                <texturesliderbar border="15">scrollbars/scrollbaruni-bar.png</texturesliderbar>
                <texturesliderbarfocus colordiffuse="$VAR[ColorHighlightVar]" border="15">scrollbars/scrollbaruni-bar-focus.png</texturesliderbarfocus>
                <textureslidernib>scrollbars/scrollbaruni-nib.png</textureslidernib>
                <textureslidernibfocus>scrollbars/scrollbaruni-nib.png</textureslidernibfocus>
                <onleft>2</onleft>
                <onright>515</onright>
                <showonepage>false</showonepage>
                <orientation>vertical</orientation>
                <visible>Control.IsVisible(515)</visible>
            </control>
            <control type="group">
                <visible>Control.IsVisible(515)</visible>
                <control type="list" id="5140">
                    <left>1042</left>
                    <top>90</top>
                    <width>795</width>
                    <height>812</height>
                    <onleft>515</onleft>
                    <onright>514060</onright>
                    <onup>5140</onup>
                    <ondown>5140</ondown>
                    <pagecontrol>514060</pagecontrol>
                    <scrolltime>200</scrolltime>
                    <visible>Container.Content(Albums)</visible>
                    <itemlayout height="68" width="780">
                        <control type="label">
                            <left>8</left>
                            <top>0</top>
                            <width>45</width>
                            <height>60</height>
                            <font>font13</font>
                            <textcolor>grey</textcolor>
                            <selectedcolor>selected</selectedcolor>
                            <align>left</align>
                            <aligny>center</aligny>
                            <label>$INFO[ListItem.TrackNumber,,.]</label>
                        </control>
                        <control type="label">
                            <left>60</left>
                            <top>0</top>
                            <width>615</width>
                            <height>60</height>
                            <font>font13</font>
                            <textcolor>grey</textcolor>
                            <selectedcolor>selected</selectedcolor>
                            <align>left</align>
                            <aligny>center</aligny>
                            <label>$INFO[ListItem.Label]</label>
                        </control>
                        <control type="label">
                            <left>690</left>
                            <top>0</top>
                            <width>90</width>
                            <height>60</height>
                            <font>font12</font>
                            <textcolor>grey</textcolor>
                            <selectedcolor>selected</selectedcolor>
                            <align>right</align>
                            <aligny>center</aligny>
                            <label>$INFO[ListItem.Duration]</label>
                        </control>
                    </itemlayout>
                    <focusedlayout height="68" width="795">
                        <control type="group">
                            <left>0</left>
                            <top>0</top>
                            <include content="SelectedSolidVar" condition="!Skin.HasSetting(UseOutline)">
                                <param name="width">795</param>
                                <param name="height">69</param>
                            </include>
                            <include content="SelectedOutlineVar" condition="Skin.HasSetting(UseOutline)">
                                <param name="width">795</param>
                                <param name="height">69</param>
                            </include>
                            <include content="UnselectFade">
                            <param name="id">5140</param>
                        </include>
                        </control>
                        <control type="label">
                            <left>8</left>
                            <top>0</top>
                            <width>45</width>
                            <height>60</height>
                            <font>font13</font>
                            <textcolor>white</textcolor>
                            <selectedcolor>selected</selectedcolor>
                            <align>left</align>
                            <aligny>center</aligny>
                            <label>$INFO[ListItem.TrackNumber,,.]</label>
                        </control>
                        <control type="label">
                            <left>60</left>
                            <top>0</top>
                            <width>615</width>
                            <height>60</height>
                            <font>font13</font>
                            <textcolor>white</textcolor>
                            <selectedcolor>selected</selectedcolor>
                            <align>left</align>
                            <aligny>center</aligny>
                            <label>$INFO[ListItem.Label]</label>
                        </control>
                        <control type="label">
                            <left>690</left>
                            <top>0</top>
                            <width>90</width>
                            <height>60</height>
                            <font>font12</font>
                            <textcolor>white</textcolor>
                            <selectedcolor>selected</selectedcolor>
                            <align>right</align>
                            <aligny>center</aligny>
                            <label>$INFO[ListItem.Duration]</label>
                        </control>
                    </focusedlayout>
                    <content target="music">$INFO[Container(515).ListItem.DBID,musicdb://albums/]</content>
                </control>
            </control>
            <control type="scrollbar" id="514060">
                <include content="ScrollBarPosition">
                    <param name="scrollbarslide">23</param>
                </include>
                <left>1827</left>
                <top>66</top>
                <width>30</width>
                <height>860</height>
                <texturesliderbackground border="15">scrollbars/scrollbaruni-bg.png</texturesliderbackground>
                <texturesliderbar border="15">scrollbars/scrollbaruni-bar.png</texturesliderbar>
                <texturesliderbarfocus colordiffuse="$VAR[ColorHighlightVar]" border="15">scrollbars/scrollbaruni-bar-focus.png</texturesliderbarfocus>
                <textureslidernib>scrollbars/scrollbaruni-nib.png</textureslidernib>
                <textureslidernibfocus>scrollbars/scrollbaruni-nib.png</textureslidernibfocus>
                <onleft>5140</onleft>
                <onright>5140</onright>
                <showonepage>false</showonepage>
                <orientation>vertical</orientation>
                <visible>Control.IsVisible(5140)</visible>
            </control>
        </control>
    </include>
</includes>
