<?xml version="1.0" encoding="UTF-8" standalone="yes"?>
<addon id="repository.fro" name="Fro Repository" version="0.0.1" provider-name="rostifer72">
    <extension point="xbmc.addon.repository" name="Fro Repository">
        <dir>
            <info compressed="false">https://raw.githubusercontent.com/rostifer72/repository.fro/master/repo/zips/addons.xml</info>
            <checksum>https://raw.githubusercontent.com/rostifer72/repository.fro/master/repo/zips/addons.xml.md5</checksum>
            <datadir zip="true">https://raw.githubusercontent.com/rostifer72/repository.fro/master/repo/zips/</datadir>
        </dir>
    </extension>
    <extension point="xbmc.addon.metadata">
        <summary>Fro Repo</summary>
        <description>All I need are some tasty waves, a cool buzz, and I'm fine.</description>
        <platform>all</platform>
        <disclaimer>The author of this addon do not host any of the content which is found and have no affiliation with any of the content providers. This addon simply searches websites for content. Use at your own risk!</disclaimer>
        <license>GNU GENERAL PUBLIC LICENSE. Version 3, 29 June 2007</license>
        <assets>
            <icon>icon.png</icon>
            <fanart>fanart.jpg</fanart>
        </assets>
    </extension>
</addon>
